f_GHz,B_res_PF_T,B_res_FTF_T,dH_PF_mT,dH_FTF_mT,alpha_PF,PF_ok,FTF_ok,beide_ok,PF_status,dB_res_mT,ddH_mT,ddH_prozent
6.02914,2.603159419304431,0.0,43.07683965999476,0.0,0.09999999988765138,False,False,False,"alpha an Grenze, alpha unphysikalisch",nan,nan,nan
6.09913,2.605754488568658,0.0,43.57690223604485,0.0,0.09999999961054828,False,False,False,"alpha an Grenze, alpha unphysikalisch",nan,nan,nan
6.16912,2.633203242300339,0.0,1.6446237699540496,0.0,0.003731254559170202,True,False,False,gut,nan,nan,nan
6.23911,2.6173122219089366,0.0,44.577027770059054,0.0,0.09999999993174405,False,False,False,"alpha an Grenze, alpha unphysikalisch",nan,nan,nan
6.3091,2.6373771888903725,0.0,2.007412069292255,0.0,0.004453286685368445,True,False,False,gut,nan,nan,nan
6.37909,2.628255468685405,0.0,0.9172700052559292,0.0,0.0020125653774975705,True,False,False,gut,nan,nan,nan
6.44908,2.641501659450185,0.0,3.5422423559579617,0.0,0.007687622368972986,True,False,False,gut,nan,nan,nan
6.51907,2.6450653028066515,0.0,1.7733300034813329,0.0,0.0038072855631890836,True,False,False,gut,nan,nan,nan
6.58906,2.634972784899141,0.0,0.7413649116327309,0.0,0.0015747807572824304,True,False,False,gut,nan,nan,nan
6.65905,2.6294880601331663,0.0,47.57740269817246,0.0,0.0999999972959808,False,False,False,"alpha an Grenze, alpha unphysikalisch",nan,nan,nan
6.72904,2.6358436197769737,0.0,48.077466288573675,0.0,0.09999999918160044,False,False,False,"alpha an Grenze, alpha unphysikalisch",nan,nan,nan
6.79903,2.6334135708072184,0.0,48.57752937131726,0.0,0.09999999998335232,False,False,False,"alpha an Grenze, alpha unphysikalisch",nan,nan,nan
6.86902,2.6360539974109347,0.0,49.07759207664603,0.0,0.09999999999974914,False,False,False,"alpha an Grenze, alpha unphysikalisch",nan,nan,nan
6.93901,2.6396549679206402,0.0,49.57765460001072,0.0,0.0999999996487868,False,False,False,"alpha an Grenze, alpha unphysikalisch",nan,nan,nan
7.009,2.640246453922835,0.0,37.380641976110056,0.0,0.07464525913623124,False,False,False,alpha unphysikalisch,nan,nan,nan
7.07899,2.643517036370314,2.64218967,37.824567573207176,41.6428678,0.07478494992647476,False,True,False,alpha unphysikalisch,nan,nan,nan
7.14898,2.6434561502626353,2.64186356,32.07670881732183,30.8501951,0.06279965444376705,False,True,False,alpha unphysikalisch,nan,nan,nan
7.21897,2.646940688133233,2.64526828,33.806843320675156,34.7709268,0.06554520380629406,False,True,False,alpha unphysikalisch,nan,nan,nan
7.28896,2.6483467325973944,2.64628747,33.38348670038478,31.8571358,0.064102897665099,False,True,False,alpha unphysikalisch,nan,nan,nan
7.35895,2.650256002223972,2.64831051,31.72237698433728,28.6526016,0.06033390069225416,False,True,False,alpha unphysikalisch,nan,nan,nan
7.42894,2.6524243293727308,2.65053919,31.41152006922465,26.9010884,0.059179819593725286,False,True,False,alpha unphysikalisch,nan,nan,nan
7.49893,2.6541593602328106,2.65295112,27.534742688466213,18.4130703,0.051391732307894816,False,True,False,alpha unphysikalisch,nan,nan,nan
7.56892,2.657102263003018,2.65517022,30.42736149930993,23.5621189,0.056265465160644866,False,True,False,alpha unphysikalisch,nan,nan,nan
7.63891,2.658783180526854,2.65769954,28.12667524967003,19.4281803,0.05153455614386915,False,True,False,alpha unphysikalisch,nan,nan,nan
7.7089,2.6619327432725357,2.66026803,28.699027886957396,22.612961300000002,0.05210582884447235,False,True,False,alpha unphysikalisch,nan,nan,nan
7.77889,2.6645347294509047,2.66252984,32.36961376735681,28.2962566,0.058241348450947535,False,True,False,alpha unphysikalisch,nan,nan,nan
7.84888,2.6665992848799687,2.66506789,28.49677672106257,21.2066439,0.05081589565911929,False,True,False,alpha unphysikalisch,nan,nan,nan
7.91887,2.6690344721849733,2.66736705,30.33627063159207,23.2256149,0.05361798772639384,False,True,False,alpha unphysikalisch,nan,nan,nan
7.98886,2.6701770574311094,2.67003348,21.89999447336579,19.5224807,0.038368138499820424,True,True,True,gut,0.1435774311095983,2.3775137733657914,12.178338449405109
8.05885,2.6742353525644944,2.67254033,29.764963802423413,24.0807523,0.0516944383066211,False,True,False,alpha unphysikalisch,nan,nan,nan
8.12884,2.675330750858599,2.67513683,22.897362337475233,21.5906059,0.03942470166243548,True,True,True,gut,0.1939208585990393,1.306756437475233,6.052430596564374
8.19883,2.6785269625797516,2.67802,25.963267433549472,24.683448,0.04432196430019565,True,True,True,gut,0.5069625797515798,1.2798194335494735,5.184929729223703
8.26882,2.6807937545186755,2.68041977,26.048581385541986,24.5241854,0.044091215618752885,True,True,True,gut,0.37398451867565186,1.524395985541986,6.2158883595048415
8.33881,2.68317721056975,2.6830923,20.089582437661058,19.9440267,0.03371928568143564,True,True,True,gut,0.08491056974957445,0.14555573766105923,0.7298212133914724
8.4088,2.6854822557449394,2.68551743,19.4813080896164,20.0566227,0.03242616780806214,True,True,True,gut,-0.03517425506061045,-0.5753146103835967,-2.8684520768473982
8.47879,2.688247953143697,2.68831044,16.271577596573167,16.9600018,0.02686008094049889,True,True,True,gut,-0.062486856303056726,-0.688424203426834,-4.0591045422343885
8.54878,2.690675054315939,2.69062841,19.450703165533962,19.614458000000003,0.031845106067820525,True,True,True,gut,0.046644315939037284,-0.16375483446604022,-0.8348680063759101
8.61877,2.692823382598978,2.69288362,16.01649229534233,17.1433808,0.026009598738530707,True,True,True,gut,-0.060237401021900894,-1.1268885046576678,-6.573315484292736
8.68876,2.6956316211860933,2.69572313,19.10659703353042,20.008262,0.03077776485252046,True,True,True,gut,-0.09150881390684873,-0.9016649664695784,-4.506463212394852
8.75875,2.6977961344970316,2.69770995,20.198004197342524,20.2715526,0.03227586289585202,True,True,True,gut,0.0861844970314607,-0.07354840265747598,-0.36281583413337554
8.82874,2.7005123999027574,2.70046988,19.37644535301326,19.5675298,0.030717574117866107,True,True,True,gut,0.042519902757387484,-0.1910844469867392,-0.9765384232952041
8.89873,2.7030368208999254,2.7029343,20.250222147382466,19.9530773,0.03185028305817913,True,True,True,gut,0.10252089992546232,0.2971448473824658,1.4892181437219503
8.96872,2.705949554963858,2.70585427,20.22836789187301,19.9236397,0.03156762524029261,True,True,True,gut,0.09528496385780016,0.3047281918730107,1.5294805390051835
9.03871,2.7086590282003797,2.70849251,21.477257622731575,21.0162856,0.0332570641636992,True,True,True,gut,0.16651820037960618,0.4609720227315748,2.193403875000513
9.1087,2.711343156332429,2.71117743,20.721658111316824,19.9694674,0.031840482460203115,True,True,True,gut,0.16572633242883938,0.7521907113168247,3.766703919789191
9.17869,2.7143381210449258,2.71426595,22.256887778961193,22.2727803,0.0339387050940705,True,True,True,gut,0.07217104492562854,-0.015892521038807672,-0.07135400621182292
9.24868,2.7166751815229486,2.71664112,20.430900487771538,20.290840300000003,0.03091856218039638,True,True,True,gut,0.03406152294882503,0.14006018777153528,0.6902631221809737
9.31867,2.7195149986953377,2.71947714,20.79753399536163,20.644665699999997,0.031237009148702012,True,True,True,gut,0.03785869533778907,0.15286829536163182,0.7404735808419114
9.38866,2.72393241644043,2.72380381,23.93166081431587,23.817702,0.035676378385138076,True,True,True,gut,0.12860644043000136,0.1139588143158683,0.4784626758528942
9.45865,2.73349100391945,2.73132816,48.50001788780969,44.6276571,0.07176691495907099,False,True,False,alpha unphysikalisch,nan,nan,nan
9.52864,2.7232155599089753,2.72321801,20.794085216009652,20.9369591,0.03054361483728681,True,True,True,gut,-0.002450091024730483,-0.1428738839903474,-0.6824003586573726
9.59863,2.726849944453127,2.72688852,17.588604030855286,17.9016604,0.025646827750447937,True,True,True,gut,-0.03857554687325404,-0.31305636914471435,-1.7487560491579561
9.66862,2.7293740922216116,2.72943494,16.793889847578743,17.380814,0.02431074919483414,True,True,True,gut,-0.06084777838832878,-0.5869241524212576,-3.376850775926016
9.73861,2.732144786310693,2.73217033,17.027210806477786,17.292590999999998,0.024471358147787878,True,True,True,gut,-0.02554368930729467,-0.265380193522212,-1.534646794816416
9.8086,2.734525480380538,2.73455994,18.122307611919275,18.4020227,0.02585937404917009,True,True,True,gut,-0.034459619461912894,-0.2797150880807244,-1.520023600887768
9.87859,2.7370098810148984,2.73704139,14.081149178061153,15.1318311,0.01995054081587346,True,True,True,gut,-0.03150898510151379,-1.0506819219388461,-6.943521342495332
9.94858,2.739275585776591,2.73930363,16.370462657651068,16.7658133,0.023030925540499785,True,True,True,gut,-0.02804422340929591,-0.3953506423489337,-2.358076135494922
10.01857,2.7417335280239437,2.74174894,14.358948990517796,15.0362152,0.020059885514499574,True,True,True,gut,-0.015411976056256549,-0.6772662094822035,-4.504233282602948
10.08856,2.744338470090197,2.74434839,17.49162538133694,17.6050917,0.02426680054608607,True,True,True,gut,-0.009919909802924565,-0.11346631866305756,-0.6445085353520628
10.15855,2.746615492072131,2.74659504,17.49411363335873,17.2497283,0.024103036309512976,True,True,True,gut,0.020452072130972,0.24438533335872847,1.416748885017096
10.22854,2.7496428905303727,2.74961981,18.294380064998798,18.1883116,0.025033154731781585,True,True,True,gut,0.02308053037269886,0.10606846499879907,0.5831682859380916
10.29853,2.7521949003428134,2.75207976,20.162810211879464,19.6670296,0.027402321544717986,True,True,True,gut,0.11514034281345786,0.4957806118794643,2.520871844721606
10.36852,2.7544977374312682,2.75450712,17.395771573334574,17.5244012,0.02348218260094436,True,True,True,gut,-0.0093825687317306,-0.12862962666542543,-0.7340029778901971
10.43851,2.756992078425404,2.75700328,17.062303373439896,17.167833,0.02287761158772341,True,True,True,gut,-0.011201574596331199,-0.10552962656010578,-0.6146939253201367
10.5085,2.7596189203937653,2.75965136,14.173755662748386,14.806757699999999,0.01887798982170859,True,True,True,gut,-0.03243960623455777,-0.6330020372516127,-4.275088780926109
10.57849,2.762160924610976,2.76220107,14.691832161837857,15.214542100000001,0.01943854762095034,True,True,True,gut,-0.04014538902419318,-0.5227099381621443,-3.435594280304658
10.64848,2.7643578342760327,2.76442308,15.348866066985563,15.969430400000002,0.020174380671807917,True,True,True,gut,-0.06524572396715556,-0.620564333014439,-3.8859515804298126
10.71847,2.767011059019722,2.7670689,14.38890533836815,14.9559023,0.01878912229088299,True,True,True,gut,-0.057840980277834575,-0.5669969616318493,-3.79112507061409
10.78846,2.7693619219541437,2.76936189,16.854775794512626,16.8536304,0.021866287728473828,True,True,True,gut,3.1954143775436705e-05,0.0011453945126262965,0.006796129293462473
10.85845,2.771765783573616,2.77183282,14.61954446174014,15.1396823,0.018844192795997035,True,True,True,gut,-0.06703642638417051,-0.5201378382598598,-3.4355928212566242
10.92844,2.77418227721072,2.77423999,14.48368334685349,15.018797699999999,0.018549507507319197,True,True,True,gut,-0.05771278928001777,-0.5351143531465095,-3.5629639857690436
10.99843,2.7765147742408995,2.77654895,14.683889941668362,14.9858037,0.018686241614835057,True,True,True,gut,-0.03417575910047432,-0.30191375833163825,-2.0146651082293188
11.06842,2.7789763243302157,2.77903261,13.761963879868066,14.2732354,0.017402286630073514,True,True,True,gut,-0.05628566978410632,-0.5112715201319347,-3.582029622603539
11.13841,2.781106344862572,2.78114176,14.531368211954389,14.8105511,0.018259750617493173,True,True,True,gut,-0.03541513742799651,-0.27918288804561087,-1.8850270064941128
11.2084,2.783601302822094,2.78364543,15.05174874207474,15.340676100000001,0.018795542828537754,True,True,True,gut,-0.044127177905917137,-0.28892735792526203,-1.8834069374899454
11.27839,2.7857230858847988,2.78573415,16.241311074198038,16.346959000000002,0.020155125688747024,True,True,True,gut,-0.01106411520135353,-0.10564792580196425,-0.6462848888405741
11.34838,2.7881462930546066,2.78811676,14.86027265626908,14.639597400000001,0.018327551248848207,True,True,True,gut,0.029533054606734055,0.2206752562690788,1.5073860997644566
11.41837,2.790531244134311,2.79050257,15.643248883026029,15.421304699999999,0.019174956066139993,True,True,True,gut,0.028674134310957555,0.22194418302603047,1.4392049657512473
11.48836,2.7931273481330225,2.79312737,14.749138963034959,14.7487335,0.017968845131010505,True,True,True,gut,-2.1866977562012835e-05,0.0004054630349585864,0.002749137985024859
11.55835,2.7960324097309397,2.79593555,17.46893831969648,17.054821399999998,0.021153498522317446,True,True,True,gut,0.09685973093986888,0.41411691969648246,2.4281516058355352
11.62834,2.7983197499810797,2.79823597,16.237022554574242,15.788660699999998,0.019543403860362095,True,True,True,gut,0.08377998107977902,0.4483618545742445,2.839771295954473
11.69833,2.8008125764913117,2.8007114,18.589764274543437,18.2066559,0.022241370712724414,True,True,True,gut,0.10117649131169415,0.38310837454343627,2.104221536605392
11.76832,2.802839404393727,2.80276695,18.173484354933677,17.7626621,0.021614005952369463,True,True,True,gut,0.07245439372693951,0.4108222549336773,2.3128416935526643
11.83831,2.805433334744264,2.80543303,16.1765401101254,16.1756776,0.0191252651550978,True,True,True,gut,0.0003047442640458087,0.0008625101254011724,0.0053321421626329425
11.9083,2.807577989690321,2.80750941,16.021712215665943,15.5300654,0.01883088338412092,True,True,True,gut,0.06857969032081357,0.49164681566594304,3.1657742772026127
11.97829,2.810439949490238,2.81040917,14.305821121091887,14.0857601,0.016715889876194986,True,True,True,gut,0.03077949023833071,0.22006102109188674,1.5622942569630074
12.04828,2.8130233068275188,2.81298186,16.351077375046106,16.1517552,0.01899471825439358,True,True,True,gut,0.0414468275189428,0.19932217504610605,1.2340589154428618
12.11827,2.815617753857435,2.81558716,14.66329346030432,14.4686544,0.016935672085675705,True,True,True,gut,0.030593857434979554,0.1946390603043202,1.345246454323494
12.18826,2.8181318412742886,2.81815474,16.398995701145274,16.4662418,0.018831593736880124,True,True,True,gut,-0.022898725711595347,-0.06724609885472432,-0.40838765561382884
12.25825,2.8204766370864283,2.82048661,14.828094217097524,14.924753,0.01693044592211959,True,True,True,gut,-0.009972913571854036,-0.09665878290247676,-0.6476407542722935
12.32824,2.8229872470677795,2.82299458,14.833454291625374,14.8778565,0.016840413525437192,True,True,True,gut,-0.007332932220549537,-0.04440220837462583,-0.29844492971568737
12.39823,2.824878928383332,2.82490402,13.310515584683458,13.5908374,0.015026115539297995,True,True,True,gut,-0.02509161666797155,-0.2803218153165421,-2.0625794207245987
12.46822,2.827914021260199,2.82792373,13.148009134593979,13.1813249,0.014759344668465338,True,True,True,gut,-0.009708739800995403,-0.033315765406021214,-0.2527497475312304
12.53821,2.8301559326647023,2.83019043,13.395531694773966,13.6474521,0.014953262288943838,True,True,True,gut,-0.034497335297700715,-0.2519204052260342,-1.8459152915879014
12.6082,2.8327783261519848,2.83275007,13.486010272606835,13.277008,0.014970693921531286,True,True,True,gut,0.028256151984873412,0.2090022726068348,1.5741669554378124
12.67819,2.835126899907623,2.83512695,15.328754224465795,15.328159900000001,0.016922368163116208,True,True,True,gut,-5.009237691311341e-05,0.0005943244657942159,0.0038773373299310107
12.74818,2.8374097632912862,2.83744166,13.091113964018923,13.3789747,0.014372752631255354,True,True,True,gut,-0.03189670871384109,-0.2878607359810772,-2.1515904053625063
12.81817,2.8400119014199383,2.84001199,15.073582336726654,15.0731091,0.016458944652641753,True,True,True,gut,-8.858006150802566e-05,0.0004732367266537807,0.0031396092439467628
12.88816,2.842029021007579,2.84204971,13.553293599736383,13.8091667,0.014718564715882395,True,True,True,gut,-0.020688992421025176,-0.2558731002636172,-1.8529220902490606
12.95815,2.844734566504622,2.84470185,14.538865140160253,14.3362125,0.015703593315318454,True,True,True,gut,0.03271650462233211,0.20265264016025242,1.4135716819226307
13.02814,2.8470282927683392,2.84702821,14.529253117692884,14.5289628,0.015608903918596751,True,True,True,gut,8.276833929343752e-05,0.00029031769288323517,0.0019981997123926505
13.09813,2.8498062982286845,2.84977735,14.71928814330429,14.5489626,0.015728562952463204,True,True,True,gut,0.028948228684377852,0.1703255433042905,1.170705760864974
13.16812,2.8522497392731254,2.85216535,17.608956788613117,17.2752083,0.018716359847355563,True,True,True,gut,0.08438927312548472,0.3337484886131179,1.9319505896384352
13.23811,2.8543430545967574,2.8543095,14.993938967224858,14.7976618,0.01585262869627074,True,True,True,gut,0.03355459675757899,0.19627716722485822,1.326406630166789
13.3081,2.857005041592341,2.85696437,16.33185821690047,16.157578700000002,0.01717635785762121,True,True,True,gut,0.04067159234111273,0.1742795169004694,1.0786239704372869
13.37809,2.8589950700829747,2.85900027,14.690323774871077,14.761903700000001,0.015369112471906572,True,True,True,gut,-0.005199917025411338,-0.07157992512892442,-0.4848963018836413
13.44808,2.861759742619189,2.86172853,15.311104924279379,15.1450167,0.015935209702308998,True,True,True,gut,0.031212619188814017,0.1660882242793793,1.0966526321451948
13.51807,2.864220419418488,2.86412673,16.20072098085344,15.7769333,0.016773789389160607,True,True,True,gut,0.09368941848775236,0.4237876808534402,2.6861220288827625
13.58806,2.866610121151693,2.8664792,15.893840239793604,15.243240499999999,0.0163712907587442,True,True,True,gut,0.1309211516926645,0.6505997397936056,4.268119628458304
13.65805,2.8690849009454933,2.86895341,17.25169014664175,16.7100525,0.017678869311620358,True,True,True,gut,0.13149094549325113,0.5416376466417496,3.241388060520753
13.72804,2.871417034701615,2.87134576,15.137903662770608,14.7765091,0.015433653137128732,True,True,True,gut,0.07127470161494287,0.36139456277060766,2.4457370839409402
13.79803,2.873853384554287,2.87381693,15.524438012334308,15.364427899999999,0.015747453589290833,True,True,True,gut,0.03645455428724631,0.16001011233430873,1.0414322835561534
13.86802,2.8761833758662636,2.87614789,15.523593057718596,15.366397800000001,0.015667125577903264,True,True,True,gut,0.03548586626367367,0.15719525771859466,1.0229805304050807
13.93801,2.8787195207006806,2.8786915,14.0615528178275,13.8785907,0.01412030394155447,True,True,True,gut,0.028020700680642108,0.1829621178275005,1.318304731239754
14.008,2.881351105811577,2.88132609,14.374035603123673,14.1996306,0.014361973382668248,True,True,True,gut,0.025015811576878377,0.17440500312367213,1.2282361987900736
14.07799,2.883886772805032,2.88386033,14.580388012030522,14.4081461,0.014495725739569029,True,True,True,gut,0.026442805031834382,0.17224191203052186,1.1954481224376388
14.14798,2.8862258110394365,2.88619668,14.779320753699434,14.619582900000001,0.014620814659358009,True,True,True,gut,0.029131039436691708,0.15973785369943272,1.092629350591341
14.21797,2.8886436849714463,2.88864374,14.62231870533455,14.6219597,0.014394287950992828,True,True,True,gut,-5.5028553713754036e-05,0.00035900533455013317,0.0024552477363901717
14.28796,2.8910593201677712,2.89103187,14.679221766532883,14.510361399999999,0.014379518380595247,True,True,True,gut,0.027450167771281286,0.1688603665328845,1.1637226798009628
14.35795,2.8934046636043957,2.89344588,14.128575728570578,14.3653376,0.013772649063138475,True,True,True,gut,-0.041216395604060097,-0.2367618714294224,-1.6481469355055214
14.42794,2.89582621941145,2.89582625,13.790187803405054,13.790064899999999,0.013377574784006656,True,True,True,gut,-3.058854991522253e-05,0.00012290340505494157,0.0008912460234682548
14.49793,2.898344076533768,2.89834405,13.035140339641316,13.0353171,0.012584073525081726,True,True,True,gut,2.653376807160157e-05,-0.0001767603586841915,-0.0013560111911983445
14.56792,2.9008865424493053,2.90088656,14.37891200989226,14.378812,0.013814654015672776,True,True,True,gut,-1.7550694675350087e-05,0.00010000989225922297,0.0006955365454338158
14.63791,2.903239167703416,2.90315779,15.023179816272085,14.653869499999999,0.01436462613556465,True,True,True,gut,0.08137770341631878,0.3693103162720863,2.5202238649121744
14.7079,2.9055465325545837,2.90550507,15.687575971285241,15.5417445,0.014928518407243041,True,True,True,gut,0.04146255458392645,0.14583147128524132,0.938321121449663
14.77789,2.9079911519719985,2.90785059,16.298290537327624,15.767662799999998,0.015436227129819194,True,True,True,gut,0.14056197199874276,0.5306277373276256,3.3652910013247217
14.84788,2.9104170623989143,2.9103417,15.031446602654205,14.6846049,0.014169282653358753,True,True,True,gut,0.07536239891425822,0.34684170265420455,2.3619409920535523
14.91787,2.913018538444391,2.91293435,15.651881821839662,15.288327500000001,0.014684909563038065,True,True,True,gut,0.08418844439095352,0.3635543218396613,2.37798622406317
14.98786,2.915633206192092,2.91560297,14.159643988105003,13.9596222,0.013222824711902618,True,True,True,gut,0.030236192091859238,0.20002178810500304,1.432859609230707
15.05785,2.9184239170236848,2.91835795,15.410272937807992,15.1241894,0.014323821442068308,True,True,True,gut,0.0659670236848875,0.28608353780799156,1.8915627822539143
15.12784,2.9205140477678344,2.92042804,15.53632985776563,15.177946200000001,0.014374178880140408,True,True,True,gut,0.08600776783440622,0.3583836577656285,2.3612131249063757
15.19783,2.923133556408798,2.92303717,16.031793505134186,15.7030687,0.014764272846839486,True,True,True,gut,0.0963864087979438,0.3287248051341862,2.0933793987297924
15.26782,2.9252598371447376,2.9251644,17.00868262044065,16.7048791,0.015592120429863122,True,True,True,gut,0.09543714473769782,0.30380352044064907,1.8186514168824428
15.33781,2.927777570527777,2.92765438,15.920988085215324,15.497596799999998,0.014528413704531711,True,True,True,gut,0.12319052777698403,0.42339128521532565,2.731980259128471
15.4078,2.930103793551876,2.92996614,17.10345350144078,16.6928742,0.015536554511712946,True,True,True,gut,0.13765355187622674,0.41057930144078014,2.4596081928226607
15.47779,2.9326851389301183,2.93259487,15.53962921391611,15.2083502,0.01405216486507344,True,True,True,gut,0.09026893011832016,0.3312790139161095,2.1782705524239536
15.54778,2.935403353540682,2.93533167,16.08199341410931,15.799994599999998,0.01447714844319237,True,True,True,gut,0.07168354068198823,0.28199881410931127,1.7848032309410493
15.61777,2.937639522587244,2.93758334,15.02653573546515,14.691763400000001,0.013466395959415699,True,True,True,gut,0.056182587243824855,0.3347723354651482,2.2786395775006025
15.68776,2.9403675230520374,2.94033872,15.700127413107671,15.5637805,0.014007278855365273,True,True,True,gut,0.02880305203722955,0.1363469131076709,0.8760526602625299
15.75775,2.9422862003456163,2.94225451,15.177812901690489,15.033516800000001,0.01348113703391067,True,True,True,gut,0.03169034561611994,0.1442961016904878,0.9598293174521066
15.82774,2.945036836392056,2.94496104,15.269146707922479,14.9648134,0.01350228885613839,True,True,True,gut,0.07579639205612665,0.30433330792247837,2.0336592230577253
15.89773,2.947136845374779,2.94710589,15.757671534953822,15.6411009,0.013872938498800053,True,True,True,gut,0.030955374779040312,0.11657063495382225,0.7452840800600056
15.96772,2.9496122032487437,2.94953152,15.13325104537892,14.8102076,0.013264804771124551,True,True,True,gut,0.08068324874388466,0.3230434453789197,2.181221587865654
16.03771,2.952088146031066,2.95202144,15.993466745932158,15.7397227,0.01395763348321901,True,True,True,gut,0.06670603106595507,0.2537440459321587,1.6121252627415013
16.1077,2.9546580417201915,2.95453625,15.98404673668138,15.6065377,0.013888800594330767,True,True,True,gut,0.12179172019166629,0.3775090366813796,2.418915994938324
16.17769,2.957341365271841,2.95715701,17.295140599338026,16.938017400000003,0.014963015373670124,True,True,True,gut,0.18435527184124112,0.35712319933802306,2.108412046725274
16.24768,2.959443049030122,2.95931179,16.429850176783088,16.0432186,0.014153171866883894,True,True,True,gut,0.13125903012189966,0.38663157678308835,2.409937721493668
16.31767,2.9620608778680335,2.96190998,16.825422652757645,16.4455869,0.014431762423509794,True,True,True,gut,0.1508978680333506,0.37983575275764636,2.309651550092423
16.38766,2.964522379500536,2.96437606,16.872598760725428,16.4995662,0.014410417662307206,True,True,True,gut,0.14631950053578535,0.37303256072542723,2.260862838475276
16.45765,2.967083722056985,2.9668525,16.98712919355328,16.4651308,0.014446535264716447,True,True,True,gut,0.23122205698511422,0.5219983935532788,3.1703264304057566
16.52764,2.9694531431280504,2.96928484,17.284930993339312,16.9290904,0.014637548254567685,True,True,True,gut,0.16830312805060643,0.3558405933393125,2.101947505338577
16.59763,2.972094022506844,2.97185661,17.39548557332933,16.9178793,0.014669050762995444,True,True,True,gut,0.23741250684405912,0.47760627332933225,2.8230859486586612
16.66762,2.974687654315552,2.97439535,18.245743787065898,17.8306152,0.015321437568235435,True,True,True,gut,0.2923043155518279,0.4151285870658974,2.3281787106588303
16.73761,2.9772376664583096,2.97695454,18.205749518457704,17.785092499999998,0.01522392561788989,True,True,True,gut,0.2831264583096349,0.42065701845770676,2.36522255061483
16.8076,2.9796336735084528,2.97939749,18.817570497656426,18.4726761,0.01567001391920262,True,True,True,gut,0.23618350845255875,0.34489439765642516,1.8670516160699917
16.87759,2.981933496237391,2.9817156,18.50824974524918,18.1187747,0.015348518178912697,True,True,True,gut,0.21789623739110198,0.3894750452491813,2.149566136219914
16.94758,2.9843431202067046,2.98420925,18.166445579435845,17.8922129,0.015002851268641924,True,True,True,gut,0.13387020670441174,0.27423267943584406,1.5326929148928474
17.01757,2.986822729885641,2.98655087,18.73790067293856,18.2704576,0.015411145514132836,True,True,True,gut,0.2718598856410459,0.46744307293856124,2.558463959537397
17.08756,2.989390643464135,2.98911443,19.110006956373454,18.6964518,0.01565281048056827,True,True,True,gut,0.27621346413519987,0.4135551563734552,2.2119446020953304
17.15755,2.991650336648859,2.99144645,19.39960498957855,19.1510747,0.015825197843722796,True,True,True,gut,0.20388664885873098,0.24853028957855017,1.2977354716210792
17.22754,2.993873063263618,2.99360085,19.490026894626524,19.1803846,0.015834366972590354,True,True,True,gut,0.27221326361814846,0.30964229462652426,1.6143695816533534
17.29753,2.9963706636178586,2.99609378,19.846583414731093,19.5469341,0.016058803932525297,True,True,True,gut,0.2768836178588252,0.29964931473109147,1.5329734739889027
17.36752,2.99860182359238,2.99829937,19.846186840512267,19.4280657,0.01599376838126968,True,True,True,gut,0.30245359238012526,0.418121140512266,2.1521501263621214
17.43751,3.001055989595024,3.00083959,19.355240286000097,19.0465511,0.015535514187827582,True,True,True,gut,0.21639959502417483,0.3086891860000982,1.6207090952025338
17.5075,3.0035372413281975,3.00322208,19.945653207659777,19.4884909,0.015945408989028687,True,True,True,gut,0.31516132819753295,0.45716230765977883,2.345806609683559
17.57749,3.0059559490306875,3.00573911,19.537861706620912,19.1687856,0.015557209711997215,True,True,True,gut,0.2168390306875878,0.3690761066209127,1.9254016103185625
17.64748,3.0086962566414197,3.00838062,20.33373478087922,19.9456997,0.0161267179581846,True,True,True,gut,0.31563664141964765,0.3880350808792201,1.945457350283982
17.71747,3.010866238537178,3.01059325,20.27968216781778,19.8918796,0.0160203120998877,True,True,True,gut,0.27298853717816485,0.3878025678177792,1.9495521570409025
17.78746,3.013419685656591,3.01310815,20.642359344427764,20.265828499999998,0.016242651711939997,True,True,True,gut,0.3115356565910332,0.37653084442776574,1.8579592955095112
17.85745,3.015240954027302,3.01499421,20.037023792187426,19.6218553,0.015704543087462344,True,True,True,gut,0.24674402730218148,0.41516849218742635,2.1158472827359316
17.92744,3.017740475720888,3.01749837,18.958162674706013,18.4439541,0.014800946955933328,True,True,True,gut,0.24210572088767535,0.5142085747060143,2.7879519322053308
17.99743,3.02018323040462,3.0200097,19.281143460835114,19.002973400000002,0.014994563484383903,True,True,True,gut,0.17353040461998148,0.2781700608351123,1.4638238710322684
18.06742,3.0225950614014807,3.02239385,18.916005882232586,18.5219493,0.014653616936017352,True,True,True,gut,0.201211401480883,0.39405658223258655,2.1275113966141057
18.13741,3.0252123162712756,3.02502401,19.98160085150563,19.7339828,0.015419366927464796,True,True,True,gut,0.188306271275529,0.2476180515056292,1.254779909434345
18.2074,3.0274304789199156,3.02725481,19.392169542436864,19.097833,0.014906991383948175,True,True,True,gut,0.17566891991549483,0.2943365424368629,1.5412038760463707
18.27739,3.0299879751015633,3.02972757,20.272846204280672,19.9387074,0.015524301949036451,True,True,True,gut,0.2604051015633324,0.33413880428067344,1.675829819743849
18.34738,3.031985001018404,3.03182137,19.70765652254297,19.4388096,0.015033927894582796,True,True,True,gut,0.16363101840433103,0.26884692254296993,1.3830421104745527
18.41737,3.0343292515499463,3.03404793,18.984063943476013,18.3971613,0.01442690291815604,True,True,True,gut,0.2813215499464228,0.5869026434760123,3.1901804517853107
18.48736,3.0366508775901617,3.03639816,19.06171135379901,18.585080899999998,0.014431069723960466,True,True,True,gut,0.2527175901616552,0.4766304537990109,2.564586381752102
18.55735,3.0391542414911648,3.03897453,18.795166297593706,18.4994634,0.014175609732883373,True,True,True,gut,0.17971149116480234,0.2957028975937064,1.5984404044590093
18.62734,3.041658559814821,3.04145346,19.35338815198653,19.067532500000002,0.014541784338722604,True,True,True,gut,0.20509981482108586,0.28585565198652674,1.4991748512112235
18.69733,3.04411344750172,3.04392867,19.056248782857534,18.7757297,0.014264920482819382,True,True,True,gut,0.18477750171985718,0.28051908285753413,1.4940515619882093
18.76732,3.046343413272754,3.04615832,19.768945903639548,19.522683100000002,0.014743235004510188,True,True,True,gut,0.18509327275406662,0.24626280363954578,1.2614188448284844
18.83731,3.0484036762920077,3.04821146,18.922204621308282,18.569398099999997,0.014059322205378047,True,True,True,gut,0.1922162920076076,0.3528065213082847,1.8999351481849311
18.9073,3.0506983830765604,3.05053456,18.395004760739184,18.063883699999998,0.013617015247511827,True,True,True,gut,0.16382307656037653,0.3311210607391857,1.8330557605349602
18.97729,3.05300091952966,3.05290438,17.355857104854746,17.057229399999997,0.012800396013543795,True,True,True,gut,0.09653952965971158,0.29862770485474854,1.7507398056963965
19.04728,3.0554618577590147,3.05535043,17.601761524610033,17.3266616,0.012934054928353608,True,True,True,gut,0.11142775901484825,0.2750999246100321,1.5877260776538282
19.11727,3.057775085425631,3.05768832,17.48880627413794,17.2897129,0.012804004776955058,True,True,True,gut,0.08676542563090806,0.19909337413793793,1.1515134767676676
19.18726,3.060330271605106,3.06017765,18.261687118956324,17.9082722,0.013321081072516061,True,True,True,gut,0.15262160510598477,0.35341491895632515,1.973473012970649
19.25725,3.0625078747904673,3.0624009,18.25002192081678,17.982095100000002,0.01326418762019269,True,True,True,gut,0.10697479046717362,0.2679268208167791,1.4899644303225772
19.32724,3.0648812263382266,3.06472959,18.067942428835504,17.6821266,0.013084296975656565,True,True,True,gut,0.15163633822679046,0.38581582883550425,2.1819537749237936
19.39723,3.0671115806147213,3.06701815,17.837999291781507,17.5619977,0.012871168069370728,True,True,True,gut,0.09343061472133485,0.2760015917815082,1.5715842610633537
19.46722,3.0695926527554445,3.06951816,16.192857390760867,15.8704317,0.011642093652552876,True,True,True,gut,0.07449275544457734,0.322425690760868,2.031612604217112
19.53721,3.0721334087502394,3.07200934,16.927485062664946,16.4815403,0.01212666635788512,True,True,True,gut,0.12406875023929231,0.4459447626649471,2.7057226117691626
19.6072,3.074701275236328,3.07462561,15.976969315138149,15.6714094,0.011404870456149073,True,True,True,gut,0.07566523632807076,0.30555991513814895,1.9497921810283954
19.67719,3.0773181056670738,3.07723635,17.053042088862902,16.8110724,0.012129707246162944,True,True,True,gut,0.08175566707357973,0.24196968886290193,1.4393471344689581
19.74718,3.079534222377773,3.07944739,17.086854713971878,16.7643297,0.01211068131806019,True,True,True,gut,0.08683237777296071,0.3225250139718767,1.9238765864398186
19.81717,3.0819779835873065,3.08184556,16.99708227257394,16.5704129,0.012004505528856402,True,True,True,gut,0.13242358730636283,0.4266693725739401,2.5748867885720585
19.88716,3.084176986435443,3.08409015,16.71166911762396,16.3767597,0.011761388473979305,True,True,True,gut,0.08683643544271646,0.3349094176239582,2.0450285878222796
19.95715,3.0869010421838663,3.08683521,15.821094183465286,15.5104909,0.011095567728064045,True,True,True,gut,0.0658321838664655,0.31060328346528543,2.0025367699051064
20.02714,3.0894597546269487,3.0893924,15.908967712860132,15.614933500000001,0.01111820304475299,True,True,True,gut,0.06735462694873462,0.2940342128601312,1.8830321170444382
20.09713,3.092103918328411,3.09204882,15.292339754206852,14.9982728,0.010650044706715064,True,True,True,gut,0.055098328410885244,0.29406695420685125,1.960672126238771
20.16712,3.0949851206996524,3.09491742,15.509171397589977,15.1451784,0.01076356771662019,True,True,True,gut,0.06770069965256198,0.3639929975899765,2.403358930324495
20.23711,3.0974376877827035,3.09739039,15.718148214371134,15.4527127,0.010870872989504302,True,True,True,gut,0.04729778270329277,0.2654355143711342,1.7177276218377775
20.3071,3.1000452721183684,3.09999265,15.42651621684829,15.1506996,0.010632404410949892,True,True,True,gut,0.05262211836853936,0.2758166168482905,1.8204876614957801
20.37709,3.1023431950995177,3.10227832,15.603004638963005,15.323362099999999,0.010717108026681563,True,True,True,gut,0.06487509951780268,0.2796425389630066,1.8249424449938871
20.44708,3.105131336862676,3.10508841,15.289613707637498,15.0309869,0.010465904107635383,True,True,True,gut,0.0429268626760404,0.2586268076374978,1.7206242634507107
20.51707,3.107979218968648,3.10793059,15.51381175084735,15.2829985,0.010583144147289319,True,True,True,gut,0.048628968647879134,0.2308132508473495,1.5102615553312362
20.58706,3.1106987646405737,3.11061196,15.586369741463677,15.2645276,0.010596493559516654,True,True,True,gut,0.08680464057375659,0.3218421414636783,2.1084317176227474
20.65705,3.1136186179909684,3.11354464,15.83014046584058,15.5076638,0.010725758202071275,True,True,True,gut,0.07397799096819924,0.3224766658405809,2.079466449618162
20.72704,3.1163527830841327,3.11627121,15.452820129470377,15.0864063,0.010434748792768378,True,True,True,gut,0.08157308413281328,0.3664138294703765,2.428768138575033
20.79703,3.11965732876501,3.11959182,15.168275038275098,14.895615,0.010208135143503445,True,True,True,gut,0.06550876500988068,0.27266003827509877,1.830471842049481
20.86702,3.1231717270860306,3.12309257,15.955352940732581,15.5219527,0.010701816931062055,True,True,True,gut,0.07915708603078997,0.4334002407325812,2.7921760174709283
20.93701,3.1270066076060195,3.12691122,19.296744772404857,18.867050199999998,0.012899739096888395,True,True,True,gut,0.09538760601923713,0.4296945724048591,2.277486771116235
21.007,3.132616738872386,3.13261718,29.719854807428977,30.6504166,0.01980132182625622,True,True,True,gut,-0.0004411276139926201,-0.930561792571023,-3.0360494107314127
21.07699,3.1380194946270934,3.13909888,40.35815582003415,41.7138776,0.02679996690094213,True,True,True,gut,-1.0793853729067493,-1.3557217799658474,-3.250049762733752
21.14698,3.128134397324194,3.12764588,46.87260509587735,50.3640044,0.031022891311935676,True,True,True,gut,0.4885173241939711,-3.491399304122652,-6.932330631205036
21.21697,3.1234939963533277,3.12286987,30.079931797283432,29.5018453,0.019842894313047484,True,True,True,gut,0.6241263533275365,0.578086497283433,1.9594926737800806
21.28696,3.1271255478079674,3.12687236,21.615514538518894,21.040804,0.014212270614767005,True,True,True,gut,0.2531878079672367,0.5747105385188931,2.731409591187167
21.35695,3.1305219130478443,3.13036947,19.370722320411176,18.8979986,0.012694573632997419,True,True,True,gut,0.15244304784411966,0.4727237204111745,2.501448594726716
21.42694,3.133707772626923,3.13359117,17.501318595692698,17.065447300000002,0.01143199831238834,True,True,True,gut,0.11660262692325674,0.4358712956926958,2.5541158577935175
21.49693,3.136780053942843,3.13665426,17.587257368714045,17.205325600000002,0.011450730966565714,True,True,True,gut,0.12579394284317758,0.38193176871404333,2.2198462126984873
21.56692,3.1396693470539647,3.13953277,17.464165704289286,17.0300564,0.011333687932776778,True,True,True,gut,0.13657705396452613,0.4341093042892865,2.549077314208346
21.63691,3.1424144375402214,3.14225165,17.908391612420022,17.482525499999998,0.011584382223345149,True,True,True,gut,0.16278754022147623,0.4258661124200245,2.435953045914473
21.7069,3.1449514089823776,3.14477936,17.408781918359594,16.8620663,0.011224890514874452,True,True,True,gut,0.17204898237777044,0.5467156183595954,3.2422812758101625
21.77689,3.1475188263368716,3.14733599,17.487183179970756,16.9172768,0.011239203540028327,True,True,True,gut,0.1828363368714392,0.5699063799707567,3.368783207299396
21.84688,3.149843580383474,3.14968293,17.024317661506906,16.435596699999998,0.010906661271813445,True,True,True,gut,0.1606503834739037,0.5887209615069082,3.5819871480961094
21.91687,3.152578588850756,3.15246041,16.489524489037194,16.031259499999997,0.01053030947253618,True,True,True,gut,0.11817885075560142,0.4582649890371968,2.858571337063048
21.98686,3.155204852022916,3.15506283,16.95664787486661,16.4918988,0.01079414691760379,True,True,True,gut,0.14202202291624388,0.4647490748666101,2.818044668492691
22.05685,3.1579913804290065,3.1578205,17.124052351237616,16.6326565,0.010866122368012897,True,True,True,gut,0.17088042900637035,0.4913958512376162,2.9544038935549244
22.12684,3.1605202687544267,3.16031144,17.48806701417627,16.9694243,0.011062007477743694,True,True,True,gut,0.20882875442662652,0.51864271417627,3.0563365321490013
22.19683,3.16286677013184,3.16269819,17.439924168839298,16.967791400000003,0.010996770731819355,True,True,True,gut,0.1685801318398461,0.47213276883929467,2.7825234157422196
22.26682,3.1651761680639745,3.16502561,18.02324588248556,17.7191499,0.011328863486968275,True,True,True,gut,0.15055806397468174,0.3040959824855598,1.7161996156799812
22.33681,3.1673627782351903,3.16721894,17.49961922898042,17.1599521,0.01096526125113167,True,True,True,gut,0.14383823519015237,0.3396671289804196,1.9794176988432246
22.4068,3.169834744986671,3.16970685,17.142199828903692,16.7928068,0.010707750669236448,True,True,True,gut,0.12789498667098442,0.34939302890369106,2.080611258528211
22.47679,3.17240871906165,3.17225095,17.093292553255115,16.690421,0.010643953584381678,True,True,True,gut,0.15776906165010374,0.4028715532551139,2.4137890425598845
22.54678,3.175064586843117,3.17490806,17.37093726471202,16.9985969,0.010783264522695986,True,True,True,gut,0.15652684311717735,0.37234036471202003,2.190418226295019
22.61677,3.1774785917721684,3.17735921,17.461418289711695,17.1427153,0.010805888173411573,True,True,True,gut,0.11938177216830326,0.31870298971169575,1.8591161559551526
22.68676,3.1800430660662764,3.17980669,17.815363352051158,17.3039215,0.010990912287749404,True,True,True,gut,0.2363760662764669,0.5114418520511563,2.955641309694778
22.75675,3.182378733104987,3.18212411,18.445772373215984,17.9452133,0.011344833876927096,True,True,True,gut,0.2546231049866954,0.5005590732159853,2.7893737725367984
22.82674,3.1846159202195166,3.18441327,18.21220445781411,17.7682594,0.011166836551061828,True,True,True,gut,0.20265021951670903,0.4439450578141084,2.498528684324073
22.89673,3.186834945222678,3.18662981,17.791324399792693,17.2448286,0.010875427809525618,True,True,True,gut,0.20513522267817663,0.5464957997926909,3.1690416441291323
22.96672,3.189230884652167,3.18904907,17.293608729289303,16.7781277,0.010538970464743946,True,True,True,gut,0.18181465216704495,0.5154810292893046,3.0723394082243436
23.03671,3.1918638005648203,3.19169375,17.18673843466519,16.7175662,0.010442020624089908,True,True,True,gut,0.17005056482011227,0.46917223466519076,2.8064625499445652
23.1067,3.194395867009502,3.19428922,16.766359320085332,16.4138333,0.010155758800430355,True,True,True,gut,0.10664700950213657,0.35252602008533174,2.14773729964305
23.17669,3.196986767435239,3.1968513,17.1187804392672,16.6563336,0.010337914697122011,True,True,True,gut,0.13546743523873417,0.4624468392672014,2.7764023606443704
23.24668,3.199256525079316,3.19908117,17.480275444033964,17.048921200000002,0.010524436900865982,True,True,True,gut,0.17535507931620842,0.4313542440339617,2.5300970012927366
23.31667,3.2015993879661266,3.20136739,17.89714677472354,17.374279400000002,0.010743079953928073,True,True,True,gut,0.23199796612649592,0.5228673747235391,3.0094334428830414
23.38666,3.203726766162451,3.20358436,17.509640203063388,17.1706966,0.010479017233531406,True,True,True,gut,0.14240616245109194,0.3389436030633881,1.9739653606329992
23.45665,3.2061533705138423,3.20593389,17.292990483134744,16.6715376,0.010318478155551999,True,True,True,gut,0.2194805138424627,0.6214528831347437,3.727627877195584
23.52664,3.2086201766315714,3.20845135,16.819755946332474,16.413314200000002,0.010006249261861317,True,True,True,gut,0.16882663157158362,0.4064417463324723,2.4762929739837203
23.59663,3.211198128692954,3.21107908,16.742501322143053,16.286126799999998,0.009930746445183701,True,True,True,gut,0.11904869295387144,0.4563745221430544,2.8022287174078397
23.66662,3.2137544915616387,3.21369845,16.346329894429328,16.093614199999998,0.009667085420244323,True,True,True,gut,0.05604156163885321,0.2527156944293303,1.570285526226485
23.73661,3.2163623756555637,3.21629434,16.399757914600595,16.0126593,0.00967008468377276,True,True,True,gut,0.06803565556356972,0.38709861460059614,2.417453636827183
23.8066,3.218792081234825,3.21869947,16.331717097056814,15.938118300000001,0.009601653022989862,True,True,True,gut,0.09261123482540157,0.39359879705681244,2.469543704270362
23.87659,3.2209472327497455,3.22082295,16.322204371674285,15.766615700000001,0.009567931200500802,True,True,True,gut,0.12428274974540798,0.5555886716742844,3.523829604563041
23.94658,3.223305144606777,3.22322762,15.989440190801924,15.6093563,0.009345473192341894,True,True,True,gut,0.07752460677723505,0.38008389080192373,2.4349747901002408
24.01657,3.22591128517337,3.22583653,16.054605542749147,15.7168346,0.009356214966001728,True,True,True,gut,0.07475517336974491,0.3377709427491471,2.1491028654659705
24.08656,3.228253988613851,3.22817083,15.852465564740958,15.5155981,0.009211568236423948,True,True,True,gut,0.08315861385099765,0.3368674647409584,2.1711535873113292
24.15655,3.230741854612822,3.23065401,16.03291455010985,15.722075499999999,0.009289430784609387,True,True,True,gut,0.08784461282207445,0.3108390501098519,1.9770866137225451
24.22654,3.233168028263881,3.23309003,16.044554044530823,15.7226699,0.009269318211965215,True,True,True,gut,0.07799826388099618,0.3218841445308236,2.0472613530531705
24.29653,3.2356869648684943,3.23563161,16.043841288529887,15.714902699999998,0.009242205884022487,True,True,True,gut,0.05535486849428395,0.3289385885298888,2.0931633800690905
24.36652,3.2380446858924623,3.23792779,16.34603784870351,15.912942199999998,0.009389241861576832,True,True,True,gut,0.11689589246222098,0.433095648703512,2.721656644385424
24.43651,3.2404765570221565,3.24040341,15.924257169924735,15.5753017,0.009120770679276266,True,True,True,gut,0.07314702215666102,0.3489554699247339,2.2404411589968363
24.5065,3.2429455913172727,3.24286312,16.12471598431704,15.7875634,0.009209208764180514,True,True,True,gut,0.08247131727268098,0.3371525843170389,2.1355580704558808
24.57649,3.2452713859633553,3.24517533,16.165700853641876,15.8303384,0.009206323150681185,True,True,True,gut,0.09605596335537925,0.335362453641876,2.1184793727585505
24.64648,3.2477774638309245,3.24763913,16.51112387295372,16.077398900000002,0.009376338285925342,True,True,True,gut,0.13833383092443086,0.43372497295371915,2.697730992752311
24.71647,3.250051370196164,3.24991578,16.683240231750133,16.3028659,0.009447251842758646,True,True,True,gut,0.13559019616415924,0.3803743317501329,2.333174633731931
24.78646,3.252594814723034,3.25251184,16.24119002391119,15.9628728,0.009170961636604911,True,True,True,gut,0.0829747230342015,0.2783172239111913,1.743528419967058
24.85645,3.254935260529383,3.25485429,16.365637722240574,16.0557265,0.0092152127208776,True,True,True,gut,0.08097052938316196,0.30991122224057577,1.930222355497746
24.92644,3.257503845727801,3.25745139,15.785984438602243,15.434490400000001,0.008863861221060292,True,True,True,gut,0.052455727800992946,0.35149403860224204,2.27732843451859
24.99643,3.2600453617990985,3.26001523,15.773605520782525,15.5540964,0.008832111086628435,True,True,True,gut,0.03013179909849839,0.21950912078252394,1.4112624426226645
25.06642,3.2624798830921624,3.26242526,15.97457039082231,15.716441800000002,0.00891966224436828,True,True,True,gut,0.054623092162309206,0.25812859082230766,1.6424111392841323
25.13641,3.265024010217943,3.26491005,16.64101183411662,16.2216425,0.009265908606562756,True,True,True,gut,0.11396021794274347,0.41936933411662025,2.585245816609633
25.2064,3.2672452941144434,3.26714428,16.776132071232222,16.473979999999997,0.009315207792177349,True,True,True,gut,0.10101411444329855,0.302152071232225,1.8341170210976647
25.27639,3.2696789385646063,3.26955573,17.017075616047524,16.6821882,0.009422831288954077,True,True,True,gut,0.12320856460634744,0.3348874160475255,2.007454969531668
25.34638,3.272020409962871,3.27188984,17.111977921813846,16.7934315,0.00944921659349869,True,True,True,gut,0.13056996287108547,0.3185464218138456,1.896851288635355
25.41637,3.2742702692792123,3.27414138,16.858980742338126,16.497019799999997,0.009283875863739627,True,True,True,gut,0.1288892792121743,0.36196094233812914,2.1940989750047413
25.48636,3.276871808266297,3.27675103,16.68864812254598,16.3589816,0.009164839816992358,True,True,True,gut,0.12077826629708355,0.32966652254598117,2.0152019887716066
25.55635,3.2794989483935666,3.27944577,16.436964306411678,16.195158000000003,0.009001902798286212,True,True,True,gut,0.05317839356644427,0.2418063064116751,1.4930777854200317
25.62634,3.2820659277843114,3.28196259,16.527737171227848,16.2156436,0.009026894118679312,True,True,True,gut,0.10333778431137475,0.3120935712278481,1.9246449843523208
25.69633,3.284434481373547,3.28426918,16.942602873567097,16.527822,0.009228275781730315,True,True,True,gut,0.16530137354697771,0.41478087356709636,2.5095918480190336
25.76632,3.2866526120497532,3.28648692,17.106947706217465,16.7378901,0.009292480662799807,True,True,True,gut,0.1656920497530301,0.36905760621746353,2.204923105675449
25.83631,3.289002258562378,3.28889481,16.79139778703172,16.528573599999998,0.009096365401650788,True,True,True,gut,0.10744856237820954,0.26282418703172183,1.5901201966497696
25.9063,3.291387770093121,3.29126336,16.85107217689515,16.545847900000002,0.009104030053221622,True,True,True,gut,0.12441009312125217,0.3052242768951494,1.8447182564463764
25.97629,3.2938940517005064,3.29374747,16.9199921307458,16.559466099999998,0.00911663498996365,True,True,True,gut,0.14658170050640962,0.3605260307458025,2.177159750010313
26.04628,3.296526783110279,3.29640348,17.07311152330511,16.7618656,0.00917441764610834,True,True,True,gut,0.12330311027897167,0.31124592330510836,1.8568692216760667
26.11627,3.298992021187611,3.29882149,17.38027410900489,17.041596700000003,0.009314445502162613,True,True,True,gut,0.1705311876110116,0.3386774090048874,1.9873572586357906
26.18626,3.3015430625495084,3.30139983,17.645967047402046,17.425228699999998,0.009431559798177915,True,True,True,gut,0.14323254950854292,0.22073834740204745,1.2667744636375848
26.25625,3.3039507417027254,3.30373221,18.039599789633076,17.7998232,0.009616249744694449,True,True,True,gut,0.21853170272523315,0.23977658963307746,1.347072872235481
26.32624,3.3062336102397825,3.30607966,17.804794678316938,17.5187254,0.009465851086478641,True,True,True,gut,0.15395023978248545,0.28606927831693696,1.6329343133430068
26.39623,3.308549987875495,3.30836458,17.944583447394017,17.6442712,0.009514873349694678,True,True,True,gut,0.18540787549481408,0.3003122473940181,1.7020382649413035
26.46622,3.31074144399258,3.31054879,17.652798172165216,17.275181600000003,0.009335405175958909,True,True,True,gut,0.19265399258028282,0.3776165721652127,2.1858906083234033
26.53621,3.3131343351060103,3.31300218,17.079822053694937,16.7677499,0.00900857255329692,True,True,True,gut,0.13215510601050084,0.31207215369493824,1.8611450883755025
26.6062,3.315664023656261,3.31555272,16.935521127992406,16.63599,0.008908964901889452,True,True,True,gut,0.11130365626099703,0.299531127992406,1.8005007696710924
26.67619,3.3182844021260385,3.31815929,17.187014046302302,16.951234799999998,0.009017541802602278,True,True,True,gut,0.12511212603838473,0.23577924630230385,1.3909266733908014
26.74618,3.3207134891614394,3.32060255,17.393413921107772,17.1115674,0.009101953313089309,True,True,True,gut,0.11093916143956051,0.28184652110777364,1.6471110712381245
26.81617,3.3229679355469095,3.32276339,17.436742179542016,17.126746299999997,0.009100811733426275,True,True,True,gut,0.2045455469095181,0.30999587954201857,1.8100103435409596
26.88616,3.3252777401084996,3.32513796,17.22664619870291,16.8975706,0.008967749941674208,True,True,True,gut,0.13978010849946543,0.32907559870290726,1.9474728438353572
26.95615,3.3275267810100235,3.32741514,17.50930202507413,17.2109757,0.009091227046620793,True,True,True,gut,0.11164101002369975,0.29832632507413237,1.7333492898611924
27.02614,3.3297989636206182,3.32966545,17.37186484268002,17.037808899999998,0.008996507658269984,True,True,True,gut,0.13351362061841954,0.3340559426800205,1.96067431346774
27.09613,3.3322862862449756,3.33209853,16.987697557720857,16.4698797,0.008774831537325358,True,True,True,gut,0.18775624497546772,0.517817857720857,3.144029386692223
27.16612,3.3345996786201395,3.33448722,16.73697239079605,16.472186699999998,0.008623048312140278,True,True,True,gut,0.11245862013931074,0.2647856907960531,1.6074714038789586
27.23611,3.3373336372218114,3.33718791,16.905913301938217,16.4733515,0.008687705534561217,True,True,True,gut,0.145727221811498,0.4325618019382169,2.625827549046209
27.3061,3.339617280805919,3.33947189,16.92744885405233,16.6801502,0.008676475968714884,True,True,True,gut,0.1453908059190212,0.24729865405232943,1.4825924891991047
27.37609,3.3422855654810575,3.34212303,17.490171588434926,17.0759264,0.008941990097039667,True,True,True,gut,0.16253548105726878,0.41424518843492564,2.425901697696036
27.44608,3.3446018474897077,3.34443522,17.648973066418453,17.309872000000002,0.009000168696553252,True,True,True,gut,0.16662748970786012,0.3391010664184506,1.9590038933762801
27.51607,3.346878827411383,3.34675313,17.58435609043482,17.2073633,0.008944407941818977,True,True,True,gut,0.12569741138301893,0.37699279043481937,2.1908806355870882
27.58606,3.3493679200389237,3.34921464,17.76348185793732,17.455938500000002,0.009012597056394067,True,True,True,gut,0.15328003892367548,0.3075433579373197,1.7618265436563016
27.65605,3.3517653102080267,3.35163319,17.29905852315343,16.9557223,0.008754752048895784,True,True,True,gut,0.13212020802688684,0.34333622315342893,2.02489883402625
27.72604,3.354086123547226,3.35397356,17.35564268188902,16.9971806,0.00876121603184279,True,True,True,gut,0.11256354722588569,0.3584620818890194,2.108950244895435
27.79603,3.356879558042389,3.35671139,17.130803632166398,16.7464449,0.008625941320917938,True,True,True,gut,0.16816804238883876,0.3843587321663975,2.2951661350308297
27.86602,3.359276230664223,3.35908101,17.439277784275763,16.9873485,0.008759212959959479,True,True,True,gut,0.1952206642230614,0.4519292842757636,2.66038743053846
27.93601,3.361714623132512,3.36152169,17.309423063783676,16.819920200000002,0.008672209275815121,True,True,True,gut,0.1929331325118966,0.4895028637836738,2.910256754866612
28.006,3.3643971568749205,3.36420826,17.155839221908412,16.8214956,0.00857378161754044,True,True,True,gut,0.1888968749206299,0.33434362190841327,1.9875974756276327
28.07599,3.366922160354996,3.3667952,17.07587208195209,16.721214500000002,0.008512543575577779,True,True,True,gut,0.1269603549962639,0.35465758195208963,2.121003722260064
28.14598,3.3694976908813326,3.3692594,17.054143581395824,16.6800532,0.008480570613864591,True,True,True,gut,0.23829088133275889,0.37409038139582407,2.242740936796437
28.21597,3.3716266150937946,3.37150013,17.02534050000104,16.6671787,0.00844524699679148,True,True,True,gut,0.12648509379475925,0.3581618000010387,2.148904781353539
28.28596,3.3740354401131993,3.37396779,16.688409507255116,16.5054987,0.008257632662994042,True,True,True,gut,0.06765011319931347,0.18291080725511577,1.1081810406317245
28.35595,3.3765158610071064,3.37643616,16.652741487208054,16.3430146,0.008219645219252876,True,True,True,gut,0.07970100710652517,0.3097268872080541,1.8951637429734296
28.42594,3.3792150578203457,3.37909138,16.904523278473942,16.5629484,0.00832337817071426,True,True,True,gut,0.12367782034550245,0.3415748784739421,2.062283056282069
28.49593,3.3815732244850416,3.38148096,16.758730868797173,16.591184799999997,0.008231326445605626,True,True,True,gut,0.0922644850414045,0.1675460687971757,1.0098499342685625
28.56592,3.384136917533988,3.384049,16.058141837727884,15.821530000000001,0.007867895958426931,True,True,True,gut,0.0879175339880689,0.2366118377278834,1.495505414001575
28.63591,3.387028929198423,3.38696592,16.197072964497295,15.9622476,0.007916570508757978,True,True,True,gut,0.06300919842283648,0.2348253644972953,1.4711296954026405
28.7059,3.389202440947545,3.38907887,16.448470990507413,16.2485326,0.00801984361918931,True,True,True,gut,0.12357094754511522,0.19993839050741258,1.2305012115827159
28.77589,3.3914578487358407,3.39131178,16.872213438167943,16.588055,0.008206440601454484,True,True,True,gut,0.14606873584055435,0.2841584381679425,1.7130304798720675
28.84588,3.3940663740807944,3.39383271,17.49934249916748,17.064294599999997,0.008490816851094332,True,True,True,gut,0.23366408079450451,0.43504789916748265,2.549463129682974
28.91587,3.3964298663797603,3.39631742,16.84061917515631,16.4686422,0.008151421036096498,True,True,True,gut,0.11244637976037808,0.3719769751563078,2.25869850494601
28.98586,3.3992441917124534,3.39907456,16.956123155627147,16.605007500000003,0.008187511186412387,True,True,True,gut,0.16963171245354403,0.35111565562714375,2.114516693998143
29.05585,3.4017856937596016,3.40160948,16.882401159453593,16.6623511,0.008132277041681103,True,True,True,gut,0.176213759601751,0.22005005945359457,1.3206423159189977
29.12584,3.404529293988974,3.40440655,17.23068493804785,16.914270499999997,0.008280100658280852,True,True,True,gut,0.12274398897416106,0.31641443804785396,1.8706951508659746
29.19583,3.407150663409091,3.40697585,17.800772913253663,17.677786,0.008533546670807511,True,True,True,gut,0.17481340909109022,0.12298691325366207,0.6957144591164417
29.26582,3.410051498784483,3.40981964,17.83024722668384,17.687980200000002,0.008527234419138304,True,True,True,gut,0.23185878448339636,0.1422670266838395,0.8043147101885578
29.33581,3.4126740551307377,3.41246411,18.259452148709823,18.005146,0.008711665531936242,True,True,True,gut,0.2099451307375766,0.2543061487098228,1.4124081454814241
29.4058,3.415514340640453,3.41530671,17.88909599558395,17.6303413,0.008514652530879047,True,True,True,gut,0.20763064045326018,0.25875469558394926,1.4676669678762784
29.47579,3.418438295222212,3.41825579,18.338526128038847,18.132633,0.00870784137123611,True,True,True,gut,0.18250522221219256,0.20589312803884852,1.135483898222881
29.54578,3.421307629262429,3.42112403,18.563204022012204,18.1937563,0.008793646688277193,True,True,True,gut,0.18359926242883517,0.3694477220122039,2.0306291670632297
29.61577,3.4246559383612083,3.42446925,19.935840083848316,19.6468656,0.00942156496322339,True,True,True,gut,0.18668836120827592,0.2889744838483139,1.470842676545382
29.68576,3.4285352413389854,3.4281673,23.623495848282193,23.7195454,0.01113800806654247,True,True,True,gut,0.36794133898521153,-0.09604955171780816,-0.4049384172337812
29.75575,3.432613811191285,3.43265155,27.262617147754334,27.8232993,0.012823547295300683,True,True,True,gut,-0.03773880871493773,-0.5606821522456649,-2.0151533655308267
29.82574,3.4366033155144677,3.43700624,30.47478520804044,30.9522156,0.014300820647108305,True,True,True,gut,-0.40292448553236326,-0.47743039195955816,-1.5424756603193155
29.89573,3.4400721922405717,3.44147145,36.29092584490055,36.091313299999996,0.01699027544713917,True,True,True,gut,-1.399257759428174,0.19961254490055325,0.5530764237957316
29.96572,3.4369460405487087,3.43858461,45.88137274931284,47.641763,0.02143005178571054,True,True,True,gut,-1.6385694512912607,-1.7603902506871592,-3.6950568993157527
30.03571,3.4310420750638038,3.43045415,43.20695880114108,45.9206865,0.020133873269321936,True,True,True,gut,0.5879250638036737,-2.713727698858925,-5.909597407388334
30.1057,3.4305818707145823,3.42988275,34.99004352414106,35.823462899999996,0.016266993286579927,True,True,True,gut,0.6991207145823353,-0.8334193758589379,-2.3264623472761423
30.17569,3.4324379828232274,3.43164241,29.939486054273434,30.2548906,0.013886687606231967,True,True,True,gut,0.7955728232276194,-0.3154045457265653,-1.0424911129130485
30.24568,3.434751042053047,3.4341138,26.079162424198834,25.469949200000002,0.012068181149848816,True,True,True,gut,0.6372420530471601,0.6092132241988324,2.3918902209621695
30.31567,3.4379749521658036,3.43734375,24.330520226917546,23.813425499999997,0.011232999987355123,True,True,True,gut,0.6312021658034794,0.5170947269175485,2.1714420166789887
30.38566,3.4410174682846324,3.4402235,23.44542462065716,23.1384176,0.01079943321362806,True,True,True,gut,0.793968284632296,0.30700702065716,1.3268280742636438
30.45565,3.4435774043169207,3.44308431,21.816180018751957,21.2897329,0.01002587694890761,True,True,True,gut,0.4930943169205726,0.5264471187519568,2.4727746525742313
30.52564,3.446638202653475,3.44624245,20.77231247049923,20.542914,0.00952426790736847,True,True,True,gut,0.39575265347480126,0.22939847049923046,1.1166793109255602
30.59563,3.4497720542834194,3.44945352,20.17606303620558,19.872768999999998,0.009229720723953103,True,True,True,gut,0.318534283419325,0.3032940362055818,1.526179045333752
30.66562,3.452245368635274,3.45211495,19.423355048361408,19.1944381,0.008865108055983891,True,True,True,gut,0.13041863527396558,0.22891694836140886,1.1926212539736125
30.73561,3.455189133661477,3.45489963,20.193996314218413,19.7144577,0.009195851939334516,True,True,True,gut,0.28950366147695306,0.4795386142184128,2.4324210258059127
30.8056,3.457629094440847,3.45737576,19.09855955710855,18.6272437,0.008677257305530433,True,True,True,gut,0.25333444084685297,0.47131585710855006,2.530250125565008
30.87559,3.4602543684791907,3.46006431,19.02039677329339,18.6353534,0.008622155307264274,True,True,True,gut,0.1900584791907356,0.38504337329338867,2.0661983973611613
30.94558,3.4627656214092397,3.46253199,18.78345465036493,18.469788,0.008495488925824107,True,True,True,gut,0.2336314092397096,0.31366665036492947,1.698268818055353
31.01557,3.465025327007933,3.46470613,18.848967061046345,18.4674264,0.008505881398923686,True,True,True,gut,0.31919700793281436,0.3815406610463441,2.0660196650159337
31.08556,3.467228312815585,3.46704711,18.366837876020373,17.9354212,0.00826965194680193,True,True,True,gut,0.18120281558475781,0.4314166760203726,2.4053891526136706
31.15555,3.4699497660285292,3.46972173,18.50575790019741,18.0869101,0.008313482524222055,True,True,True,gut,0.2280360285293881,0.4188478001974083,2.3157509927436872
31.22554,3.472643672417218,3.47235294,19.236368687315736,18.8589475,0.008622330566364491,True,True,True,gut,0.29073241721810916,0.37742118731573626,2.0012844689012272
31.29553,3.4753353643199216,3.4749515,19.450709457665432,18.9832505,0.008698906646306232,True,True,True,gut,0.38386431992165626,0.467458957665432,2.4624811102051885
31.36552,3.4776888850041288,3.4774226,19.90436749667154,19.598701,0.008881931590858828,True,True,True,gut,0.2662850041286191,0.30566649667154167,1.5596263072309828
31.43551,3.479765292982617,3.47936188,20.380248273979383,19.9815798,0.009074035919104372,True,True,True,gut,0.40341298261692415,0.39866847397938443,1.995179950583209
31.5055,3.482123477469102,3.48176849,19.501483403873834,19.1589517,0.00866348854976481,True,True,True,gut,0.35498746910223034,0.3425317038738349,1.787841575245659
31.57549,3.484705523391878,3.48445376,19.404127570480675,19.069184,0.008601130890246016,True,True,True,gut,0.2517633918777129,0.33494357048067513,1.7564651454444782
31.64548,3.4873548712300932,3.487124,19.06715249895056,18.4989715,0.008433069644457225,True,True,True,gut,0.2308712300931326,0.5681809989505595,3.0714193972922197
31.71547,3.4897087447588393,3.48935276,19.17365173619879,18.7043632,0.00846145827834879,True,True,True,gut,0.3559847588392451,0.4692885361987891,2.508978954166101
31.78546,3.4920954814216225,3.49175692,19.466621524604648,19.122380500000002,0.008571831368906819,True,True,True,gut,0.3385614216226962,0.3442410246046457,1.8001996383486127
31.85545,3.4950959891965985,3.49469355,19.23610469466197,18.6814261,0.008451716522208644,True,True,True,gut,0.4024391965984364,0.5546785946619721,2.96914481631556
31.92544,3.497483742801287,3.49722137,20.031175971184688,19.854206700000002,0.00878175039786633,True,True,True,gut,0.2623728012869364,0.17696927118468508,0.8913439547533524
31.99543,3.499885710243238,3.49964674,19.500281708331794,19.2424403,0.008530303211410503,True,True,True,gut,0.23897024323771276,0.2578414083317959,1.339962106218908
32.06542,3.502101702857253,3.50176015,19.61713169608615,19.168341599999998,0.00856268779045617,True,True,True,gut,0.34155285725301354,0.44879009608615306,2.3413089428986025
32.13541,3.5049042893620315,3.50457327,19.328477192758193,18.9914073,0.00841831802354148,True,True,True,gut,0.33101936203161486,0.3370698927581941,1.7748547405341264
32.2054,3.507057036148046,3.50685712,18.942050810319863,18.7343372,0.008232084771349334,True,True,True,gut,0.1999161480461531,0.20771361031986402,1.1087321003267947
32.27539,3.509593453754685,3.50926857,19.48353812708931,19.0908038,0.008449049632402257,True,True,True,gut,0.3248837546849792,0.3927343270893111,2.0571911544620827
32.34538,3.5118172923300173,3.51136241,20.03124672793453,19.9404288,0.008667767568377924,True,True,True,gut,0.4548823300174476,0.09081792793453047,0.45544621354647336
32.41537,3.514478290503018,3.5140797,19.534600983051963,19.266178,0.008434611736801588,True,True,True,gut,0.3985905030181591,0.26842298305196266,1.3932342110197604
32.48536,3.517093206437517,3.51670584,19.639630230545375,19.4611141,0.008461690907197459,True,True,True,gut,0.38736643751668964,0.17851613054537552,0.9172965618930086
32.55535,3.519232794859658,3.5188946,19.88612263521926,19.7108512,0.008549471696721034,True,True,True,gut,0.3381948596579143,0.17527143521925836,0.8892129185129173
32.62534,3.521359967954619,3.52109697,19.827391924067836,19.1666751,0.008505935385893247,True,True,True,gut,0.26299795461914854,0.6607168240678369,3.447216695752499
32.69533,3.5236775781571508,3.52342179,19.27175051176358,19.0876848,0.008249867509359826,True,True,True,gut,0.2557881571507714,0.18406571176358,0.9643165930924215
32.76532,3.5263331089738115,3.52598479,19.289605700813308,18.9528547,0.008239872104843494,True,True,True,gut,0.34831897381160104,0.3367510008133081,1.7767824749551218
32.83531,3.528794164179813,3.52846598,19.65052718181983,19.428779300000002,0.008376153346145448,True,True,True,gut,0.3281841798128404,0.22174788181982663,1.1413371802510857
32.9053,3.5312335716445773,3.53086527,19.500240970334314,19.3368191,0.008294413030741816,True,True,True,gut,0.36830164457724024,0.16342187033431443,0.8451331601603205
32.97529,3.5338172796649134,3.53349837,20.48031012828159,20.3100481,0.008692795032213338,True,True,True,gut,0.31890966491321393,0.17026202828159143,0.8383142543202122
33.04528,3.536102391213499,3.53576375,20.195054887296816,19.855257899999998,0.008553564529434354,True,True,True,gut,0.33864121349891363,0.3397969872968183,1.7113703030612275
33.11527,3.538412928639057,3.53805945,20.047903795262105,20.0652102,0.008473292597198699,True,True,True,gut,0.35347863905688115,-0.017306404737894354,-0.08625080208675988
33.18526,3.5414358952474116,3.54108822,20.989685763788234,21.0266768,0.008852628644801368,True,True,True,gut,0.3476752474118605,-0.03699103621176647,-0.17592431064411695
33.25525,3.543898486643996,3.5436075,21.4613670166592,21.3081307,0.009032515155115713,True,True,True,gut,0.29098664399640484,0.1532363166591999,0.7191448129196988
33.32524,3.545972184583492,3.54553154,21.304121844051373,21.518527499999998,0.008947503683693774,True,True,True,gut,0.44064458349213353,-0.21440565594862449,-0.9963769869877227
33.39523,3.548510905514274,3.54802186,22.23594452789925,22.221871399999998,0.009319286801980214,True,True,True,gut,0.48904551427408904,0.014073127899251858,0.06333007533853274
33.46522,3.5509234488051167,3.55034908,22.389996597275278,22.2485709,0.009364225804740282,True,True,True,gut,0.5743688051165208,0.14142569727527743,0.6356619394159714
33.53521,3.5532619006285313,3.55298677,21.909599554026016,22.0966813,0.009144183739935103,True,True,True,gut,0.2751306285313504,-0.18708174597398397,-0.8466508768173434
33.6052,3.555667238835893,3.55520291,21.38403128253311,21.5239516,0.008906244858961078,True,True,True,gut,0.46432883589275775,-0.13992031746689193,-0.6500679803930238
33.67519,3.558149148667762,3.55762071,21.96801956756197,22.1446397,0.009130454284487421,True,True,True,gut,0.5284386677617547,-0.17662013243802832,-0.7975751009307608
33.74518,3.560784740031296,3.56039068,21.542719630732474,21.5663815,0.00893511845915828,True,True,True,gut,0.3940600312963838,-0.023661869267524338,-0.10971645506467713
33.81517,3.563455904532415,3.56307644,23.097700982367567,23.2206675,0.009560238218748096,True,True,True,gut,0.379464532414886,-0.1229665176324346,-0.5295563429967489
33.88516,3.565515561514898,3.56509259,23.075458720558306,23.005313,0.009531304336855976,True,True,True,gut,0.4229715148982294,0.0701457205583047,0.3049109593001612
33.95515,3.5677519069052708,3.56710363,23.374764487352547,23.005267999999997,0.009635031189332302,True,True,True,gut,0.6482769052706949,0.36949648735254925,1.6061385911807213
34.02514,3.569656066848471,3.56935668,22.977019571685773,22.9423971,0.009451599435690669,True,True,True,gut,0.29938684847108377,0.03462247168577193,0.15091043684259098
34.09513,3.5718526052380355,3.57138274,22.335804876891967,21.9817214,0.009168975044026929,True,True,True,gut,0.469865238035716,0.3540834768919652,1.6108086825809973
34.16512,3.5742553471323504,3.57377321,22.172840945670774,21.9171744,0.009083431083934118,True,True,True,gut,0.4821371323502355,0.25566654567077407,1.1665123478269812
34.23511,3.576924851804303,3.57648921,22.195976702425675,22.0730075,0.009074319513296748,True,True,True,gut,0.4356418043029997,0.12296920242567566,0.5571021639243119
34.3051,3.5793201209240313,3.57891937,21.880444026999275,21.6667653,0.008927070729995028,True,True,True,gut,0.4007509240313567,0.21367872699927304,0.9862050197187164
34.37509,3.5820887775193517,3.58153367,23.65472090500237,23.9174108,0.00963131348554171,True,True,True,gut,0.5551075193519495,-0.26268989499762796,-1.0983207889611026
34.44508,3.5841468157353336,3.5835788,23.642102883971376,23.782585500000003,0.009606616183520067,True,True,True,gut,0.5680157353333826,-0.14048261602862766,-0.5906953053049159
34.51507,3.5860633676072307,3.58558213,24.013821304502986,23.917167499999998,0.009737871748046337,True,True,True,gut,0.48123760723051134,0.09665380450298855,0.404118943026964
34.58506,3.588266800039227,3.58776266,23.907585998718417,23.688110299999998,0.009675172738555645,True,True,True,gut,0.5041400392267192,0.2194756987184192,0.9265226138296867
34.65505,3.5904504458506543,3.58987132,23.770343002809742,23.118658,0.009600203811151219,True,True,True,gut,0.5791258506544494,0.6516850028097423,2.8188703808401954
34.72504,3.592640587036623,3.59214164,22.62757085888919,22.2730106,0.009120249371732989,True,True,True,gut,0.4989470366232318,0.3545602588891903,1.5918829531252965
34.79503,3.5950289746268975,3.59468847,21.071569529939286,20.5607524,0.008476005007301947,True,True,True,gut,0.34050462689760863,0.5108171299392872,2.484428196019165
34.86502,3.597518889390468,3.59719647,23.121749275100345,23.013669399999998,0.009282015797009515,True,True,True,gut,0.32241939046784296,0.10807987510034778,0.4696333871049168
34.93501,3.5997823978293253,3.59936285,22.101228673144412,21.8518436,0.008854561944794559,True,True,True,gut,0.41954782932540624,0.24938507314441338,1.1412541555276985
35.005,3.602144809954403,3.60166891,22.853167551218494,22.2830748,0.009137509807397411,True,True,True,gut,0.47589995440322497,0.5700927512184926,2.5584115133809657
35.07499,3.6041870977737043,3.60373367,22.668963103890807,21.9989721,0.009045771937305026,True,True,True,gut,0.45342777370427356,0.6699910038908072,3.0455559507292036
35.14498,3.6064451394636516,3.60602308,21.974363672074638,21.3425319,0.008751138184091773,True,True,True,gut,0.42205946365170277,0.6318317720746371,2.9604349429349437
35.21497,3.608808200593775,3.60857273,22.06394329628606,21.5149774,0.008769348797390832,True,True,True,gut,0.23547059377504453,0.5489658962860595,2.551552279511386
35.28496,3.6110477014960196,3.61069988,22.079952427927534,21.326152399999998,0.008758304460241971,True,True,True,gut,0.3478214960197512,0.7538000279275359,3.5346274085874763
35.35495,3.6132060256699363,3.61281201,20.794351704468344,20.0255917,0.008232025216296655,True,True,True,gut,0.394015669936465,0.7687600044683442,3.838887839046196
35.42494,3.6152389965151555,3.61492816,18.505036816447273,17.851936,0.007311262291276542,True,True,True,gut,0.3108365151556214,0.6531008164472745,3.658431312140457
35.49493,3.6177595991092972,3.61753981,18.182084919337335,17.3010839,0.007169500380348529,True,True,True,gut,0.21978910929743023,0.8810010193373365,5.092172400466404
35.56492,3.6206157999290123,3.62047777,17.688745406808696,17.1080823,0.006961241961945088,True,True,True,gut,0.138029929012351,0.5806631068086965,3.394086471098497
35.63491,3.623363913173992,3.62324163,17.578634371992784,16.9611335,0.006904321421404681,True,True,True,gut,0.12228317399198829,0.6175008719927852,3.64068163246746
35.7049,3.6257710856171728,3.62567137,17.8709307492915,16.9772294,0.007005366886784002,True,True,True,gut,0.09971561717270205,0.8937013492915007,5.264117767599352
35.77489,3.6285478723506635,3.6284692,16.831988362254446,16.2700147,0.006585195147311023,True,True,True,gut,0.07867235066338907,0.5619736622544451,3.454045202887525
35.84488,3.631362579541808,3.63129988,16.87325146126499,16.2488485,0.006588448907194348,True,True,True,gut,0.06269954180826431,0.6244029612649875,3.842752064953941
35.91487,3.6336787973037095,3.63365739,17.663076989887497,16.7842771,0.00688340935179912,True,True,True,gut,0.021407303709253256,0.878799889887496,5.235851890740626
35.98486,3.6362549124058168,3.63628414,16.74074219927211,15.940235300000001,0.006511280810213673,True,True,True,gut,-0.02922759418311216,0.8005068992721078,5.021926491085785
36.05485,3.6383025532721986,3.6382461,16.943764107350987,16.4165636,0.006577452762411366,True,True,True,gut,0.05645327219871987,0.5272005073509867,3.211393810523091
36.12484,3.6406926485348863,3.64079057,15.50099856873412,15.0444246,0.006005722734125553,True,True,True,gut,-0.09792146511378164,0.45657396873412104,3.034838359548301
36.19483,3.6437288139911175,3.64396314,15.292258864804673,14.791921799999999,0.005913391521075749,True,True,True,gut,-0.23432600888240174,0.5003370648046737,3.3825020951954583
36.26482,3.646426509275519,3.6467445,15.452816410752277,14.8795663,0.005963945321376819,True,True,True,gut,-0.31799072448102095,0.5732501107522765,3.852599593257476
36.33481,3.6489970797061724,3.649333,16.0415617330592,15.688820199999999,0.006179243191600458,True,True,True,gut,-0.33592029382756294,0.3527415330592021,2.2483623915786994
36.4048,3.651853748700949,3.65210493,15.544838971921338,15.144931099999999,0.005976392505277562,True,True,True,gut,-0.25118129905132847,0.39990787192133936,2.640539394209191
36.47479,3.6544869109899487,3.65463197,16.428220183342987,15.9894612,0.006303899040698692,True,True,True,gut,-0.14505901005135158,0.43875898334298746,2.744051083741255
36.54478,3.6568576669214368,3.65675936,17.65109968970506,16.9094494,0.006760175182324826,True,True,True,gut,0.09830692143664166,0.7416502897050599,4.386010875700422
36.61477,3.658590443757738,3.65844658,18.113435016888463,17.688405099999997,0.00692398377172228,True,True,True,gut,0.14386375773778326,0.4250299168884659,2.4028730373687903
36.68476,3.6616269757706283,3.66164444,17.756420523743966,17.4203677,0.006774562815471708,True,True,True,gut,-0.01746422937154435,0.33605282374396594,1.9290799685242346
36.75475,3.6639734206375896,3.66376419,19.395797715442924,19.3101976,0.007385938843882556,True,True,True,gut,0.20923063758937488,0.08560011544292578,0.44328969188241657
36.82474,3.666506473821428,3.66627311,20.624315479267036,20.4528236,0.007838832569178398,True,True,True,gut,0.2333638214278011,0.17149187926703746,0.8384753255635445
36.89473,3.6689185299757057,3.66857966,21.940000025385295,21.950383,0.008323075258739833,True,True,True,gut,0.33886997570586885,-0.0103829746147035,-0.0473020202640815
36.96472,3.6705426412415476,3.67006792,21.13281113080193,20.7986695,0.008001683793511691,True,True,True,gut,0.47472124154746,0.3341416308019305,1.606552913405978
37.03471,3.672766528453148,3.67222119,21.622324673617204,21.312275,0.008171559934036548,True,True,True,gut,0.5453384531479699,0.31004967361720404,1.4547938857639742
37.1047,3.674896184769993,3.67445398,20.36475819716151,19.902235599999997,0.0076817800431214995,True,True,True,gut,0.4422047699930154,0.462522597161513,2.323973077484386
37.17469,3.6774360555393644,3.67712607,19.692323034066586,19.2950496,0.0074141459340734015,True,True,True,gut,0.3099855393644546,0.3972734340665873,2.0589396881705206
37.24468,3.6803762493178773,3.6800399,19.979692515235058,19.7053635,0.007508204402937269,True,True,True,gut,0.3363493178771826,0.2743290152350575,1.3921540459533135
37.31467,3.682723403750999,3.68237089,20.39535893526213,20.245087299999998,0.007650032531225753,True,True,True,gut,0.35251375099898397,0.15027163526213272,0.7422622240909416
37.38466,3.684832434198564,3.68446434,21.029850437849944,20.5273539,0.007873254374320128,True,True,True,gut,0.36809419856398407,0.5024965378499431,2.447936252757561
37.45465,3.6867969733158437,3.68624648,20.59393005378918,20.1866318,0.007695644984155267,True,True,True,gut,0.5504933158437808,0.40729825378917894,2.0176632626210527
37.52464,3.6891153159530092,3.68869668,21.24210651565706,20.8274051,0.007923053383948506,True,True,True,gut,0.4186359530091721,0.41470141565705987,1.9911333825117747
37.59463,3.690828557342452,3.69057627,20.500782745303923,19.5901678,0.007632312829260367,True,True,True,gut,0.25228734245175133,0.910614945303923,4.648326418643147
37.66462,3.692944010351308,3.69260264,18.01497223162452,17.1098499,0.006694398191853715,True,True,True,gut,0.3413703513079902,0.9051223316245185,5.290065879680911
37.73461,3.6959982705394436,3.69598786,15.406920420496537,15.0340996,0.005714621988884368,True,True,True,gut,0.010410539443839184,0.3728208204965373,2.4798347118608772
37.8046,3.698341653574915,3.69831735,17.242386549262495,16.632278600000003,0.006383579394406765,True,True,True,gut,0.02430357491522983,0.6101079492624919,3.6682162675082406
37.87459,3.701055018289556,3.70094721,16.927182096817297,16.4016882,0.006255301690387228,True,True,True,gut,0.10780828955603283,0.5254938968172986,3.203901271683111
37.94458,3.7037203226458497,3.70358959,17.567379319754156,16.6407494,0.006479906853490833,True,True,True,gut,0.13073264584972932,0.9266299197541557,5.5684386410755975
38.01457,3.7055685665908507,3.7055159,16.806854681777523,16.0961477,0.006187965689872861,True,True,True,gut,0.052666590850680706,0.7107069817775233,4.415385563202326
38.08456,3.7087755712701393,3.708834,16.1985336518853,15.3538389,0.005953033059484416,True,True,True,gut,-0.05842872986061565,0.8446947518852994,5.501521524270386
38.15455,3.7115706241139574,3.7116571,16.05117806084451,15.789779300000001,0.005888058430508221,True,True,True,gut,-0.08647588604260292,0.26139876084450897,1.6554934421693213
38.22454,3.713491096642599,3.71354846,16.594201251071667,16.0753435,0.006076109885711931,True,True,True,gut,-0.05736335740103016,0.5188577510716676,3.2276619847760495
38.29453,3.7160273815685554,3.71614391,16.71605286951285,16.112586200000003,0.006109540199850887,True,True,True,gut,-0.1165284314446069,0.6034666695128479,3.7453122796193186
38.36452,3.7186730955755523,3.71866175,17.251130511787135,16.5788486,0.006293602740633057,True,True,True,gut,0.011345575552379472,0.6722819117871346,4.055057911483277
38.43451,3.720524919650473,3.72030982,17.941944555728178,17.3544318,0.006533707618108665,True,True,True,gut,0.2150996504726166,0.5875127557281772,3.385375922985719
38.5045,3.7233209030746353,3.72320049,17.535015614446,16.8915859,0.006373914052851533,True,True,True,gut,0.12041307463528383,0.6434297144460004,3.809172911621048
38.57449,3.725495203069922,3.72540482,18.284114374849008,17.7061486,0.006634149755093453,True,True,True,gut,0.09038306992215084,0.5779657748490088,3.2642094444469354
38.64448,3.7283777488284437,3.72840086,17.896934605057105,16.9931021,0.006481905837282189,True,True,True,gut,-0.023111171556067234,0.9038325050571032,5.318819952580071
38.71447,3.7306259870397835,3.73035938,17.656531380665825,17.046028500000002,0.0063832757642470934,True,True,True,gut,0.26660703978365063,0.6105028806658233,3.5814963037626226
38.78446,3.7330308772845187,3.73299147,17.28927213021885,16.3206344,0.006239222813704955,True,True,True,gut,0.0394072845186777,0.9686377302188518,5.935049499171747
38.85445,3.7357642338916217,3.73567267,17.70133881577387,16.9348125,0.006376419532737815,True,True,True,gut,0.0915638916216821,0.76652631577387,4.526334825223898
38.92444,3.7381727796847604,3.73824899,16.94316459572059,16.055623500000003,0.0060923338092777,True,True,True,gut,-0.07621031523985522,0.8875410957205858,5.527914227190153
38.99443,3.7412232939162413,3.74134494,15.996963149328261,14.844340899999999,0.0057417793928136295,True,True,True,gut,-0.12164608375853092,1.152622249328262,7.764725002564863
39.06442,3.7434246739384935,3.74352441,17.28900612354865,16.4383099,0.006194413344795962,True,True,True,gut,-0.09973606150648351,0.850696223548649,5.175083258094855
39.13441,3.7459911972236237,3.74585447,17.15311856518827,16.695348,0.006134735364682186,True,True,True,gut,0.13672722362390033,0.45777056518826953,2.7419049018221697
39.2044,3.7488877889182883,3.74865587,18.14749287864136,17.3461672,0.006478781857667207,True,True,True,gut,0.2319189182884429,0.8013256786413585,4.619612329352841
39.27439,3.750372275844848,3.75036669,18.36426736645114,17.5215271,0.006544488260412567,True,True,True,gut,0.00558584484799951,0.8427402664511412,4.809742105476304
39.34438,3.7529698531251063,3.75278409,17.849978591624563,17.4158867,0.00634989476578634,True,True,True,gut,0.18576312510631965,0.4340918916245613,2.4925052574243103
39.41437,3.755576030973061,3.75552994,19.350666241320695,18.815723199999997,0.006871520832520338,True,True,True,gut,0.04609097306085275,0.5349430413206981,2.843063939847384
39.48436,3.7575156795210063,3.75728528,19.617968632890857,18.8620096,0.006954092564812269,True,True,True,gut,0.2303995210062304,0.755959032890857,4.007839296672063
39.55435,3.760231117736756,3.75999321,19.34469165233492,18.6039263,0.006845088915499208,True,True,True,gut,0.23790773675580468,0.7407653523349182,3.9817689039916173
39.62434,3.7624399644384776,3.76258225,19.223430651194114,18.084464099999998,0.006790165945239116,True,True,True,gut,-0.14228556152229288,1.138966551194116,6.298038719290091
39.69433,3.7646585752329997,3.76453821,19.530252341748035,18.8286293,0.0068863788759225796,True,True,True,gut,0.12036523299974178,0.7016230417480358,3.72636281998518
39.76432,3.7677886308886306,3.76779629,20.152712376561936,19.133118099999997,0.0070933514950440426,True,True,True,gut,-0.007659111369573424,1.0195942765619392,5.328949893232194
39.83431,3.7702366613747005,3.76994854,18.948717480219653,18.000745900000002,0.006657850763326801,True,True,True,gut,0.28812137470035637,0.9479715802196509,5.266290549769112
39.9043,3.773057237514592,3.77306543,20.81105972460008,19.477291899999997,0.007299381005636266,True,True,True,gut,-0.008192485407843009,1.3337678246000841,6.84780939489891
39.97429,3.774992155878639,3.77481802,23.03345599886921,22.574195500000002,0.00806473090783992,True,True,True,gut,0.17413587863890356,0.4592604988692095,2.0344490188773703
40.04428,3.7772545165254514,3.77732707,25.831356076103088,26.00024,0.009028555061885804,True,True,True,gut,-0.07255347454870886,-0.16888392389691376,-0.6495475576260593
40.11427,3.7790609435729516,3.77855876,25.951856064010627,25.4636943,0.00905484592490786,True,True,True,gut,0.502183572951509,0.48816176401062705,1.9170893204236552
40.18426,3.781080144345412,3.78057825,27.664873931153416,27.0816968,0.009635721844902538,True,True,True,gut,0.501894345411813,0.5831771311534162,2.1533995283242966
40.25425,3.7818498669156257,3.78133518,27.679089168712956,27.672549800000002,0.009623910813145767,True,True,True,gut,0.5146869156256173,0.006539368712953575,0.02363124742828568
40.32424,3.7833779650424035,3.78277508,23.69025405112368,23.317868400000002,0.008222711661781543,True,True,True,gut,0.6028850424035781,0.37238565112367894,1.5969969670284225
40.39423,3.7855827982136807,3.78543694,22.14368954044737,21.7094576,0.0076725934071859205,True,True,True,gut,0.1458582136808495,0.43423194044736846,2.0001970958840003
40.46422,3.787867007554589,3.78767534,20.78196673376513,20.1170285,0.007188313449198154,True,True,True,gut,0.19166755458899232,0.6649382337651311,3.305350160264132
40.53421,3.79049877240777,3.79053952,19.338999176758836,18.7716955,0.006677652517768863,True,True,True,gut,-0.040747592229717355,0.5673036767588364,3.0221227313155405
40.6042,3.7929654685293603,3.79285374,18.818782628839877,18.8584806,0.006486823807225327,True,True,True,gut,0.11172852936036648,-0.0396979711601233,-0.2105046106425101
40.67419,3.7966664872054317,3.79684465,18.529921601558073,18.5315544,0.006376262724360084,True,True,True,gut,-0.1781627945685038,-0.0016327984419284292,-0.008810909256097961
40.74418,3.800405089176262,3.80037597,18.00214177157065,17.7524576,0.00618400924409795,True,True,True,gut,0.029119176261804824,0.24968417157064948,1.4064766535234507
40.81417,3.80214703370593,3.80183384,18.80414342612809,18.9238766,0.00644843193837802,True,True,True,gut,0.3131937059301926,-0.11973317387191074,-0.63270954679503
40.88416,3.8053769017048023,3.80515307,20.043141547132187,19.8020167,0.006861550256968043,True,True,True,gut,0.2238317048024463,0.24112484713218763,1.217678233410376
40.95415,3.8079759695057867,3.80785101,19.36245280276616,19.5611192,0.00661719586798189,True,True,True,gut,0.1249595057868369,-0.19866639723383983,-1.0156187649725064
41.02414,3.8102240960288403,3.80983124,19.8422787309197,19.8764356,0.006769609146661958,True,True,True,gut,0.39285602884042703,-0.03415686908030224,-0.17184604809275886
41.09413,3.8116894080261567,3.81113007,20.37533859958691,19.553568300000002,0.0069396341976328295,True,True,True,gut,0.5593380261568193,0.821770299586909,4.202661565290407
41.16412,3.8144195945194204,3.81391459,20.93162031035469,20.6945531,0.007116976749462957,True,True,True,gut,0.5050045194203712,0.23706721035468803,1.1455536595022582
41.23411,3.8168638005698172,3.81608032,22.194771647460772,21.806624399999997,0.007533652611112499,True,True,True,gut,0.78348056981703,0.38814724746077545,1.7799510843171835
41.3041,3.818837444194595,3.81834604,20.36188680554985,20.1814999,0.006899798210484711,True,True,True,gut,0.49140419459492435,0.18038690554985237,0.8938230876975224
41.37409,3.8213247393959584,3.82058095,23.47350892618791,21.896828600000003,0.007940742156294395,True,True,True,gut,0.7437893959583164,1.5766803261879083,7.200496268157792
41.44408,3.8239411953513645,3.82345896,21.3630941990537,21.0404167,0.007214615433267055,True,True,True,gut,0.4822353513644906,0.32267749905370025,1.5336079301780188
41.51407,3.8265171961204927,3.8259182,21.25351974665269,20.1548607,0.007165509628665033,True,True,True,gut,0.5989961204928562,1.0986590466526884,5.451087273715012
41.58406,3.8288012610028597,3.82822452,20.072073025660867,19.8129773,0.006755801396352855,True,True,True,gut,0.5767410028596487,0.2590957256608668,1.3077071746348126
41.65405,3.830467978044714,3.83033992,19.678602781433398,19.0212909,0.006612239258784742,True,True,True,gut,0.12805804471405224,0.6573118814333974,3.4556638920516027
41.72404,3.8333170834511954,3.83301124,21.520302235965854,21.0593767,0.00721894191879416,True,True,True,gut,0.30584345119555323,0.4609255359658526,2.188695052716601
41.79403,3.835172294262851,3.83493966,19.03718352758675,18.7462667,0.00637529053092825,True,True,True,gut,0.23263426285113908,0.29091682758674864,1.551865404682142
41.86402,3.8375912482723735,3.83678773,20.538417254439473,20.2716102,0.006866534046862423,True,True,True,gut,0.8035182723733492,0.2668070544394716,1.3161611327721348
41.93401,3.8405096942737917,3.83982093,20.848178595165017,19.865436300000002,0.006958461980328304,True,True,True,gut,0.6887642737916089,0.9827422951650142,4.946995778617831
42.004,3.8425482979056356,3.84199422,21.45032095391881,20.5729427,0.007147508480439322,True,True,True,gut,0.5540779056354417,0.8773782539188097,4.2647192806248855
42.07399,3.844889987679858,3.84405185,24.47449282033332,22.407943699999997,0.008141633261058092,True,True,True,gut,0.8381376798580753,2.066549120333324,9.222395182710692
42.14398,3.8467231629606413,3.84558426,22.670382717850707,22.231689999999997,0.0075289573862735324,True,True,True,gut,1.1389029606414525,0.43869271785071007,1.9732765158686099
42.21397,3.848051165969696,3.84669919,23.244906713875533,20.6448369,0.007706960707152296,True,True,True,gut,1.351975969696273,2.600069813875532,12.594286050647035
42.28396,3.849633226223545,3.84903032,19.59200012664895,17.819599500000002,0.006485069816738134,True,True,True,gut,0.6029062235453075,1.772400626648949,9.9463550044935
42.35395,3.852461853089665,3.85236988,16.995294523214234,15.7362855,0.005616248426731133,True,True,True,gut,0.09197308966513162,1.2590090232142348,8.000674766699136
42.42394,3.8548305925738147,3.85558801,14.368160882346931,14.2618884,0.004740255127492736,True,True,True,gut,-0.7574174261852917,0.10627248234693099,0.7451501467851269
42.49393,3.8591391587117387,3.85956855,14.992111482847903,14.1731798,0.00493795854022954,True,True,True,gut,-0.4293912882613604,0.8189316828479036,5.778037775601376
42.56392,3.861598922997552,3.86228711,15.019272342635844,14.594191799999999,0.0049387700803383595,True,True,True,gut,-0.688187002447993,0.42508054263584505,2.912669289681701
42.63391,3.8654708741303,3.86674105,14.84093332448334,14.5075575,0.00487211560039098,True,True,True,gut,-1.2701758697000187,0.3333758244833387,2.2979459118693044
42.7039,3.8677664387296242,3.86927891,15.689999381098906,15.3236644,0.005142412625527018,True,True,True,gut,-1.5124712703755705,0.3663349810989054,2.3906486825625426
42.77389,3.870907568718024,3.87136212,16.70032275428914,17.5478556,0.005464590850252741,True,True,True,gut,-0.45455128197602335,-0.8475328457108589,-4.829837132412116
42.84388,3.873560540740329,3.87459976,17.434765487947583,17.5087908,0.0056955917232943895,True,True,True,gut,-1.0392192596713201,-0.07402531205241658,-0.42278940275199695
42.91387,3.8758619814223434,3.87597753,16.95213646686018,16.742358999999997,0.005528894372035959,True,True,True,gut,-0.11554857765672111,0.2097774668601815,1.2529743679500693
42.98386,3.8788131962184598,3.87940415,15.998241713457487,15.308683499999999,0.005209288084067919,True,True,True,gut,-0.5909537815402821,0.689558213457488,4.504359982734558
43.05385,3.8801624714445975,3.87967768,16.289749223307727,16.389833499999998,0.005295584952711828,True,True,True,gut,0.4847914445975654,-0.1000842766922716,-0.6106485260650855
43.12384,3.8841767140920003,3.88461438,15.971624579334202,15.7490336,0.0051837398936720284,True,True,True,gut,-0.43766590799965144,0.22259097933420158,1.413362781410293
43.19383,3.8853577237133696,3.88601258,17.558442332497766,17.679899,0.005689522316778196,True,True,True,gut,-0.6548562866304231,-0.12145666750223327,-0.6869760257240908
43.26382,3.8881244193706412,3.88817181,16.443253474600656,17.3740392,0.0053195442130965975,True,True,True,gut,-0.047390629358545766,-0.9307857253993426,-5.3573363953233315
43.33381,3.890955333249558,3.89092083,16.707226868563033,16.661929,0.005396212324700286,True,True,True,gut,0.03450324955789341,0.04529786856303275,0.2718644915785726
43.4038,3.8939995256103384,3.89409323,18.493834830018375,18.6412479,0.005963630885931843,True,True,True,gut,-0.09370438966183059,-0.1474130699816243,-0.7907897087813756
43.47379,3.89655917554913,3.89635582,20.434119474307884,20.671341199999997,0.006578698139514052,True,True,True,gut,0.20335554912964682,-0.23722172569211253,-1.1475874903178152
43.54378,3.898567505471285,3.89859568,19.42374059740584,19.516633799999997,0.006243358549547255,True,True,True,gut,-0.02817452871495263,-0.09289320259415845,-0.47596938870758776
43.61377,3.900514640477212,3.90030534,20.46525899898668,21.845912799999997,0.006567576657681484,True,True,True,gut,0.20930047721190448,-1.3806538010133167,-6.319963892803402
43.68376,3.903139092558163,3.90256166,21.201453595051927,21.412405999999997,0.006792930317787313,True,True,True,gut,0.5774325581628936,-0.21095240494807044,-0.9851877689413813
43.75375,3.905904950205866,3.90545798,20.926816534335313,20.728653,0.006694211356198649,True,True,True,gut,0.4469702058660374,0.1981635343353112,0.9559884780516668
43.82374,3.9075811657771706,3.90723754,20.81466130862148,20.9031598,0.006647700495561618,True,True,True,gut,0.3436257771705087,-0.08849849137851962,-0.4233737493530505
43.89373,3.908943182313424,3.90866328,21.1893709069065,19.9511243,0.006756582897741239,True,True,True,gut,0.2799023134243406,1.2382466069065003,6.206400142103773
43.96372,3.9116867978008893,3.91106447,22.353059025989346,22.9981661,0.007116297014673286,True,True,True,gut,0.622327800889444,-0.645107074010653,-2.8050370242810496
44.03371,3.913956163210875,3.91327324,20.02745700668707,20.502239,0.006365786436891384,True,True,True,gut,0.6829232108747085,-0.4747819933129307,-2.315756797649909
44.1037,3.916648402313721,3.91602183,21.448780670969832,21.2775322,0.006806739299309022,True,True,True,gut,0.6265723137208745,0.1712484709698323,0.8048323901482914
44.17369,3.9191990476555305,3.91922915,21.628462095087777,21.547077599999998,0.006852885807341279,True,True,True,gut,-0.0301023444695403,0.08138449508777867,0.3777054902692636
44.24368,3.9208172041254654,3.92060873,21.529428543254625,21.368765200000002,0.006810716364680743,True,True,True,gut,0.20847412546531885,0.1606633432546225,0.7518606795989433
44.31367,3.923639485235867,3.92309485,21.308716369916702,21.622176699999997,0.006730248561434762,True,True,True,gut,0.5446352358671191,-0.313460330083295,-1.449716808961676
44.38366,3.9269159686866333,3.926552,23.191954007317943,23.8634007,0.0073135083729337245,True,True,True,gut,0.36396868663324256,-0.671446692682057,-2.813709165442028
44.45365,3.9298939263686004,3.92962055,24.846602051074104,26.2916272,0.007822960057251504,True,True,True,gut,0.27337636860025327,-1.4450251489258967,-5.496141938776223
44.52364,3.9321144829842503,3.93162875,25.05662207257218,26.342774,0.007876683487989878,True,True,True,gut,0.4857329842504754,-1.2861519274278201,-4.882370882534316
44.59363,3.9344778613119518,3.93360298,25.411234744942174,26.124661,0.007975620415655162,True,True,True,gut,0.8748813119519028,-0.7134262550578256,-2.7308536369441336
44.66362,3.9341596853938907,3.93328605,26.567671754516677,27.734916799999997,0.008325515072115382,True,True,True,gut,0.8736353938907371,-1.1672450454833196,-4.208575976270171
44.73361,3.9369346235938547,3.93551679,25.430233943579637,26.0780351,0.007956607644097011,True,True,True,gut,1.4178335938548337,-0.6478011564203641,-2.484087293909517
44.8036,3.938998295137458,3.93766533,25.493088612348455,26.2387805,0.007963813457268112,True,True,True,gut,1.3329651374576201,-0.7456918876515459,-2.841945675225058
44.87359,3.9421852804879696,3.9416621,22.83956025735785,22.818864899999998,0.0071237465018965255,True,True,True,gut,0.5231804879697322,0.020695357357851663,0.09069407022893441
44.94358,3.9431449030165955,3.94251079,24.28541186031077,23.5569286,0.007562917172565707,True,True,True,gut,0.634113016595439,0.7284832603107709,3.0924373575202453
45.01357,3.9463359732524887,3.94527127,21.94684827846773,20.832737,0.0068240191628540225,True,True,True,gut,1.0647032524886413,1.1141112784677283,5.3478872145687255
45.08356,3.948673172782751,3.94758285,23.591998306581946,22.5503797,0.007324163997533754,True,True,True,gut,1.0903227827512296,1.0416186065819453,4.6190734721063045
45.15355,3.950775102211537,3.94984914,23.27802731310717,23.0220884,0.0072154896370820315,True,True,True,gut,0.9259622115371791,0.255938913107169,1.111710235232912
45.22354,3.953310283139054,3.95283347,22.11554625115604,22.7740941,0.006844546057559453,True,True,True,gut,0.47681313905423295,-0.6585478488439591,-2.8916533230797494
45.29353,3.9558414257715353,3.9549928,21.34765323683264,20.9922282,0.006596681329455387,True,True,True,gut,0.8486257715354384,0.35542503683264215,1.693126777426334
45.36352,3.9587280360140134,3.95832015,21.321417899420965,21.152718099999998,0.006578408983419013,True,True,True,gut,0.4078860140133145,0.1686997994209669,0.797532490261698
45.43351,3.960899319013338,3.9603165,22.60004892895117,22.596096199999998,0.006962170005589287,True,True,True,gut,0.5828190133381206,0.003952728951173157,0.017492972751519606
45.5035,3.9641418307106955,3.96359891,22.280425585490743,21.585199499999998,0.00685314962509568,True,True,True,gut,0.5429207106955047,0.695226085490745,3.2208462353602294
45.57349,3.9658022240237867,3.96544645,22.297979704788663,22.3085617,0.006848015934680942,True,True,True,gut,0.35577402378672573,-0.010581995211335737,-0.047434681597315786
45.64348,3.9684861873162878,3.96732486,23.94521727129724,23.066421000000002,0.0073426286992556945,True,True,True,gut,1.161327316287597,0.8787962712972366,3.8098510007132727
45.71347,3.9702689726111626,3.96918201,23.185489549993168,21.1518198,0.007098778344835599,True,True,True,gut,1.0869626111627007,2.0336697499931695,9.614632543310385
45.78346,3.9724740718438514,3.97173169,21.77303689376682,21.5824623,0.00665613209560895,True,True,True,gut,0.7423818438514473,0.19057459376682218,0.8830067260991911
45.85345,3.9743755906400744,3.97380709,22.773645217429987,24.2518114,0.006951396606922104,True,True,True,gut,0.5685006400741877,-1.478166182570014,-6.095075366494125
45.92344,3.97776533568134,3.97619351,22.811451158801766,23.1744423,0.00695232452014646,True,True,True,gut,1.5718256813399556,-0.3629911411982327,-1.5663425099909856
45.99343,3.979353541102499,3.97882595,21.73434805973886,21.5746268,0.006613972020707096,True,True,True,gut,0.5275911024988922,0.1597212597388591,0.740319919410421
46.06342,3.981962720978421,3.98046891,22.82055302236389,22.0020301,0.006933962998694906,True,True,True,gut,1.4938109784212728,0.8185229223638899,3.720215446682304
46.13341,3.9837748748495745,3.98304673,24.0870671662416,23.834523,0.007307686382968811,True,True,True,gut,0.728144849574619,0.2525441662415986,1.0595729826084566
46.2034,3.987561420604308,3.98650671,23.355844373478345,22.876547300000002,0.007075109596702684,True,True,True,gut,1.0547106043081733,0.4792970734783424,2.0951460340273567
46.27339,3.988528210717967,3.98786356,21.5458863847533,19.858548,0.006516952905126979,True,True,True,gut,0.6646507179670635,1.6873383847533,8.496786294513074
46.34338,3.9912422142282566,3.99042724,20.794018147786275,20.060309500000002,0.006280037653271777,True,True,True,gut,0.8149742282568262,0.7337086477862726,3.657514096610885
46.41337,3.9934134807667805,3.99288623,21.5784570523636,21.5961105,0.006507120048220117,True,True,True,gut,0.5272507667806181,-0.017653447636401864,-0.08174364377512267
46.48336,3.99662660224146,3.9961537,21.831609987859327,20.9416604,0.006573547198957072,True,True,True,gut,0.4729022414600159,0.8899495878593271,4.249661062497829
46.55335,3.9984992039175777,3.9977001,22.549094579943663,22.9350816,0.006779375727438236,True,True,True,gut,0.7991039175778702,-0.3859870200563371,-1.6829546403547007
46.62334,4.001622834299099,4.00065618,24.167921778300943,23.6262829,0.007255167755296044,True,True,True,gut,0.9666542990993676,0.5416388783009438,2.2925268464509236
46.69333,4.003600851044438,4.00272186,22.957861115348745,24.2870459,0.00688157918005937,True,True,True,gut,0.8789910444377824,-1.329184784651254,-5.472813738336344
46.76332,4.0059114470644985,4.00524466,20.093188660823362,20.1789909,0.006013884177084025,True,True,True,gut,0.6667870644987417,-0.08580223917663687,-0.42520579746451487
46.83331,4.0089239225428575,4.00854823,21.11078173809223,20.674801900000002,0.006309006819704834,True,True,True,gut,0.3756925428577418,0.4359798380922264,2.108749772795774
46.9033,4.0117981168337185,4.01162028,18.73748349914653,17.5079235,0.005591385013428987,True,True,True,gut,0.17783683371863646,1.229559999146531,7.022877379756262
46.97329,4.013659808158185,4.01322257,21.686224556051624,20.862968499999997,0.00646166599808421,True,True,True,gut,0.43723815818541567,0.8232560560516262,3.9460159087697724
47.04328,4.015319711848013,4.01471526,19.73058391146801,20.968817,0.005870213244608934,True,True,True,gut,0.6044518480132766,-1.2382330885319917,-5.905116576352359
47.11327,4.018162189726675,4.01815735,23.884415859085316,22.190016699999997,0.00709549845985228,True,True,True,gut,0.004839726674532585,1.694399159085318,7.635862478126564
47.18326,4.020286585462736,4.01931415,22.39053520689186,20.799471399999998,0.0066418347354005175,True,True,True,gut,0.9724354627360654,1.5910638068918637,7.649539626722744
47.25325,4.023203292084061,4.02213353,22.886936759426806,21.691448299999998,0.006779029440675864,True,True,True,gut,1.0697620840609545,1.1954884594268087,5.511335356186469
47.32324,4.025975310657649,4.02550067,24.397018941551462,25.583303299999997,0.007215622874198441,True,True,True,gut,0.474640657649239,-1.1862843584485354,-4.636947561218709
47.39323,4.02812950665471,4.02730401,21.110010355876533,21.1892027,0.0062342422266833,True,True,True,gut,0.8254966547101006,-0.07919234412346654,-0.37373914084774196
47.46322,4.029702104855135,4.02841066,23.299684983541912,24.0597459,0.0068707537786690505,True,True,True,gut,1.2914448551351043,-0.7600609164580874,-3.1590562910229547
47.53321,4.031912880684542,4.03141389,22.622339556940293,21.640079999999998,0.006661191315712672,True,True,True,gut,0.49899068454273277,0.9822595569402957,4.5390754421439095
47.6032,4.034504842571204,4.03364147,23.58748831314243,23.4833165,0.00693516956968806,True,True,True,gut,0.8633725712039464,0.10417181314242896,0.4435992383887896
47.67319,4.036975343997212,4.03598154,23.643381380359788,24.5561268,0.0069413974000744755,True,True,True,gut,0.9938039972121615,-0.9127454196402134,-3.7169763255995782
47.74318,4.039361740944332,4.03804938,21.75453526610858,19.325227100000003,0.006377493167431434,True,True,True,gut,1.3123609443317363,2.4293081661085765,12.570657791175845
47.81317,4.0415108659505385,4.0405971,22.347583974255052,20.9778738,0.006541759503182377,True,True,True,gut,0.91376595053827,1.3697101742550508,6.529308867589101
47.88316,4.044401132041071,4.04327581,23.807337748985862,21.216118299999998,0.006958883469987822,True,True,True,gut,1.1253220410711862,2.591219448985864,12.213447400441128
47.95315,4.046911731019321,4.04621892,21.291556674699542,20.4416485,0.0062144372678741636,True,True,True,gut,0.6928110193209491,0.8499081746995429,4.157728153380305
48.02314,4.049181604739018,4.04853855,21.43707437470874,21.0344274,0.006247791040841363,True,True,True,gut,0.6430547390179342,0.4026469747087411,1.914228360258293
48.09313,4.0513314855835185,4.05006484,23.598991652530152,22.9497775,0.006867867980635209,True,True,True,gut,1.266645583518411,0.6492141525301527,2.828847262376085
48.16312,4.05285718379429,4.05213474,21.415083154360303,20.5830441,0.0062232419606213655,True,True,True,gut,0.7224437942907613,0.8320390543603047,4.042351803348197
48.23311,4.056204437134291,4.0552178,22.054496437647128,21.725757599999998,0.006399755982398529,True,True,True,gut,0.986637134290369,0.32873883764712986,1.513129455366518
48.3031,4.059063495612912,4.05847209,22.517737612984607,22.3650502,0.006524711068868387,True,True,True,gut,0.5914056129112666,0.15268741298460853,0.6827054337870815
48.37309,4.061337197247992,4.0609904,21.554051379931927,20.636171500000003,0.006236438124235306,True,True,True,gut,0.3467972479924697,0.9178798799319239,4.447917482813727
48.44308,4.063519554095298,4.06336606,21.4686808721267,20.8530091,0.006202762419829101,True,True,True,gut,0.153494095298079,0.6156717721266993,2.952436116889717
48.51307,4.06575198918448,4.06557648,22.65908003986428,20.8946187,0.006537249332155964,True,True,True,gut,0.17550918447994945,1.7644613398642797,8.444573051071181
48.58306,4.06779287169539,4.06713763,22.44209247383204,21.554735700000002,0.006465319873515691,True,True,True,gut,0.6552416953899964,0.8873567738320389,4.116760169005639
48.65305,4.070793983837754,4.06993284,21.87846174855748,20.1081768,0.006293876943890109,True,True,True,gut,0.8611438377537084,1.7702849485574816,8.803806362780149
48.72304,4.072969709970191,4.07293331,21.29396477711117,19.6685037,0.006116932499761197,True,True,True,gut,0.03639997019089236,1.6254610771111722,8.264284370097622
48.79303,4.075903704969894,4.07548697,21.602647428296002,20.3071687,0.006196703604168695,True,True,True,gut,0.4167349698942502,1.295478728296004,6.379415798599261
48.86302,4.077966517775862,4.07713051,20.450783620769275,19.1334889,0.005857889603759485,True,True,True,gut,0.8360077758622353,1.3172947207692758,6.884759636123006
48.93301,4.080023448263722,4.07954505,21.533283996673617,19.7024029,0.0061591370994778976,True,True,True,gut,0.47839826372175764,1.8308810966736182,9.292679202462246
49.003,4.083212693792503,4.08279362,21.11307945387149,19.7492211,0.006030321236908155,True,True,True,gut,0.41907379250272214,1.363858353871489,6.905884272425757
49.07299,4.084739377049907,4.0836713,21.74606815000573,20.2577249,0.006202257013695291,True,True,True,gut,1.068077049906968,1.4883432500057303,7.347040486297305
49.14298,4.0875354963973285,4.08731076,19.857048262761726,19.4263002,0.005655418360126299,True,True,True,gut,0.22473639732822903,0.43074806276172595,2.21734482802714
49.21297,4.090307037889763,4.08984437,21.735059034371563,20.124669299999997,0.006181484477190852,True,True,True,gut,0.46266788976279116,1.6103897343715659,8.002068060674002
49.28296,4.09286121253581,4.09229028,24.102231851901735,23.499773299999998,0.006844977264188779,True,True,True,gut,0.570932535810087,0.6024585519017371,2.5636781436599527
49.35295,4.093727547382811,4.09354463,21.75119986820014,20.4046395,0.006168529362385323,True,True,True,gut,0.1829173828111763,1.3465603682001408,6.599285266471583
49.42294,4.097350312861087,4.09713109,18.66201927646015,17.92395,0.005284958623568077,True,True,True,gut,0.2192228610864433,0.7380692764601484,4.117782500286758
49.49293,4.098669615329729,4.09807115,19.118117746957978,18.057854799999998,0.005406466314826276,True,True,True,gut,0.5984653297286258,1.0602629469579803,5.8714778621322194
49.56292,4.102243319272752,4.10183496,20.826279427324035,19.9572176,0.005881205307324922,True,True,True,gut,0.408359272752179,0.8690618273240354,4.354624200339607
49.63291,4.104391746748849,4.10460976,21.714601195622137,20.4901275,0.006123414428234894,True,True,True,gut,-0.21801325115067272,1.2244736956221374,5.975920333449059
49.7029,4.107277963564936,4.1069181,20.7366668757326,19.306555499999998,0.005839407135767366,True,True,True,gut,0.3598635649364468,1.4301113757326007,7.4073874841765575
49.77289,4.11020853048001,4.10981192,21.58895006388556,20.8668347,0.006070859722871759,True,True,True,gut,0.39661048000994015,0.7221153638855604,3.4605888926966024
49.84288,4.111874781960681,4.11121318,22.173820546411303,21.705023,0.0062265708507664805,True,True,True,gut,0.6616019606813239,0.46879754641130233,2.1598574044879024
49.91287,4.115455612035858,4.11521309,22.225382564722484,22.0325682,0.006232298370427814,True,True,True,gut,0.24252203585817256,0.1928143647224836,0.8751334069284016
49.98286,4.117840593247681,4.11720808,24.499337907461925,22.949599000000003,0.00686032640658315,True,True,True,gut,0.6325132476812101,1.549738907461922,6.75279296802494
