f_GHz,B_res_PF_T,B_res_FTF_T,dH_PF_mT,dH_FTF_mT,alpha_PF,PF_ok,FTF_ok,beide_ok,PF_status,dB_res_mT,ddH_mT,ddH_prozent
24.0055,0.11528851407614535,0.117967578,33.84461515718091,32.1694862,0.01973287470776557,True,True,True,gut,-2.6790639238546547,1.6751289571809096,5.207198357992144
24.03,0.11669038312739903,0.119025718,32.662640454769104,31.7210878,0.019024316119181553,True,True,True,gut,-2.335334872600972,0.9415526547691044,2.9682230972202173
24.0545,0.11707619335971406,0.121122835,32.34930770229014,31.307597100000002,0.018822625055231093,True,True,True,gut,-4.046641640285939,1.041710602290138,3.3273412806572047
24.079,0.11928618467803588,0.122172579,30.601688176549473,31.956683800000004,0.017787645809158995,True,True,True,gut,-2.8863943219641226,-1.354995623450531,-4.240100856305156
24.1035,0.11970230350400338,0.122754909,30.72881925077709,31.523449699999997,0.017843387105345925,True,True,True,gut,-3.0526054959966187,-0.7946304492229075,-2.5207598051139297
24.128,0.12074769419217983,0.123369961,29.799598044865885,31.039593399999998,0.017286243098806806,True,True,True,gut,-2.62226680782017,-1.2399953551341127,-3.994882726569842
24.1525,0.12221468987783003,0.123588669,29.743666669001986,31.479421799999997,0.017236296211627294,True,True,True,gut,-1.373979122169966,-1.7357551309980117,-5.513935872221172
24.177,0.12350822198473556,0.124847127,29.736076625642752,32.097307300000004,0.017214435709365598,True,True,True,gut,-1.338905015264444,-2.3612306743572518,-7.356475894653168
24.2015,0.12427641464835124,0.125242535,29.221546827102777,31.467386799999996,0.01689944536717335,True,True,True,gut,-0.9661203516487527,-2.245839972897219,-7.137039968305278
24.226,0.1257882276645421,0.126432943,29.551414921342833,32.007937,0.01707293163130744,True,True,True,gut,-0.6447153354579016,-2.4565220786571658,-7.674727923443382
24.2505,0.12562734140523918,0.126493827,29.240441338526054,31.548368399999998,0.016876203759247664,True,True,True,gut,-0.8664855947608241,-2.3079270614739436,-7.315519560986056
24.275,0.12663169803530053,0.12719603,29.10273434023755,31.8035005,0.01677977336292471,True,True,True,gut,-0.5643319646994605,-2.7007661597624484,-8.492040553090842
24.2995,0.1272295818470767,0.127776539,29.262830894857327,31.5171396,0.016855068992294078,True,True,True,gut,-0.5469571529232997,-2.254308705142673,-7.152643716254863
24.324,0.12787917652910158,0.128114135,29.22382894785407,31.3249457,0.016815649900290833,True,True,True,gut,-0.23495847089841093,-2.1011167521459306,-6.707487292295387
24.3485,0.12895662054106322,0.129112173,29.444026377955286,31.530923199999997,0.016925305679715504,True,True,True,gut,-0.1555524589367807,-2.086896822044711,-6.6185718978399946
24.373,0.1299113452080781,0.129674231,29.267471431165102,31.5303606,0.016806905143441027,True,True,True,gut,0.23711420807809303,-2.2628891688348993,-7.176857878482047
24.3975,0.13015737550748557,0.130083756,28.843407821643535,31.2092627,0.016546752778363052,True,True,True,gut,0.07361950748557833,-2.3658548783564655,-7.580617655400316
24.422,0.13047680364686523,0.130792515,28.95608404066788,31.530693300000003,0.016594727903980595,True,True,True,gut,-0.3157113531347677,-2.5746092593321244,-8.165406433775194
24.4465,0.1314193116004341,0.131397386,29.520882553050242,31.707631799999998,0.01690145841714318,True,True,True,gut,0.021925600434097303,-2.1867492469497556,-6.896602246244564
24.471,0.13221273810736903,0.131838121,29.722487047701467,31.4788545,0.016999845085357006,True,True,True,gut,0.3746171073690241,-1.7563674522985337,-5.579515138641826
24.4955,0.13279292738584958,0.132475546,29.587404980134675,31.5750762,0.01690565889157098,True,True,True,gut,0.31738138584958,-1.9876712198653266,-6.29506388923719
24.52,0.13348312635955895,0.133292077,29.569796290352073,31.6048844,0.016878715817419468,True,True,True,gut,0.19104935955893687,-2.0350881096479263,-6.439156947677133
24.5445,0.13411331626376632,0.133701824,29.748571197382276,31.5969983,0.016963812228070516,True,True,True,gut,0.41149226376632764,-1.8484271026177232,-5.850008551659553
24.569,0.1347914870931493,0.134253215,29.7375133512873,31.6796566,0.0169405967238948,True,True,True,gut,0.5382720931493001,-1.9421432487127,-6.130569132219381
24.5935,0.13531037981939195,0.134698778,30.1824918563535,31.867495400000003,0.017176959321014956,True,True,True,gut,0.6116018193919603,-1.685003543646502,-5.28753051501657
24.618,0.13579394034972475,0.135144763,30.692206193489504,32.2358458,0.017449656177420423,True,True,True,gut,0.6491773497247499,-1.5436396065104958,-4.788581060002762
24.6425,0.13660568538847295,0.135894854,30.894670680949215,32.224441299999995,0.017547301545493145,True,True,True,gut,0.7108313884729434,-1.3297706190507803,-4.12659014525965
24.667,0.13747343280759775,0.136551213,31.094521360842833,32.4511953,0.017643269850527443,True,True,True,gut,0.9222198075977406,-1.3566739391571687,-4.180659376689181
24.6915,0.1376542793569761,0.136874746,30.919869917640415,32.3113506,0.017526763178582223,True,True,True,gut,0.7795333569761143,-1.3914806823595818,-4.306476382202303
24.716,0.13836496717500846,0.137698298,30.50229479551144,32.0647146,0.017272923989798284,True,True,True,gut,0.6666691750084608,-1.562419804488563,-4.8727076600537185
24.7405,0.13912965695197874,0.138067108,31.217739791777895,31.996486900000004,0.017660561942726413,True,True,True,gut,1.0625489519787423,-0.7787471082221096,-2.433851912105105
24.765,0.13959522408674366,0.138466906,31.40370794471381,32.1684691,0.017748192552570877,True,True,True,gut,1.128318086743657,-0.7647611552861946,-2.377362605938231
24.7895,0.14008963423851367,0.13897515,31.756597538079607,32.418841900000004,0.017929894421088884,True,True,True,gut,1.11448423851368,-0.662244361920397,-2.0427761237220414
24.814,0.14067493258874403,0.139546808,31.801169926510525,32.7581784,0.017937332305062868,True,True,True,gut,1.1281245887440339,-0.9570084734894735,-2.9214337311548237
24.8385,0.1414002467923357,0.14035869,31.57960685664784,32.5467599,0.017794790861821105,True,True,True,gut,1.041556792335696,-0.9671530433521589,-2.971580109122195
24.863,0.1419115117374744,0.14089844,31.25747622696483,32.2261728,0.01759591737216451,True,True,True,gut,1.0130717374743914,-0.9686965730351709,-3.00593116981974
24.8875,0.14268732875583118,0.141597868,31.839740289681757,32.751876200000005,0.017906049384967496,True,True,True,gut,1.0894607558311897,-0.9121359103182485,-2.784988269826961
24.912,0.14321229601589364,0.141916051,32.225785474007736,32.8987377,0.018105330243573654,True,True,True,gut,1.296245015893649,-0.6729522259922618,-2.045525977710269
24.9365,0.14373147811962494,0.142360241,32.323725575422735,32.8536356,0.018142513210643633,True,True,True,gut,1.3712371196249462,-0.5299100245772621,-1.612941809634189
24.961,0.14483855242423038,0.143175318,33.22383848351624,32.9381017,0.018629421153668987,True,True,True,gut,1.6632344242303865,0.2857367835162421,0.8674962088548113
24.9855,0.1453386096075161,0.143779048,33.13916436844553,33.645550500000006,0.01856372142889798,True,True,True,gut,1.5595616075161078,-0.5063861315544784,-1.5050612162059238
25.01,0.14586025305497458,0.144269167,32.88638386813002,33.213424599999996,0.018404073728991756,True,True,True,gut,1.591086054974572,-0.3270407318699782,-0.9846642910468745
25.0345,0.1466385460076589,0.144852344,34.37489146467791,33.547433500000004,0.019218254843729174,True,True,True,gut,1.7862020076589158,0.8274579646779046,2.4665313508346456
25.059,0.14719020972568475,0.145446874,34.72411834679899,32.33824,0.0193945195685686,True,True,True,gut,1.743335725684747,2.3858783467989895,7.377885583133126
25.0835,0.14758790199741534,0.145516264,34.442699887522096,33.9063491,0.0192185486148574,True,True,True,gut,2.071637997415332,0.5363507875220961,1.581859450394487
25.108,0.148555444188199,0.146276239,35.848644170237954,34.2562105,0.019983527351449537,True,True,True,gut,2.2792051881989908,1.592433670237952,4.648598449726224
25.1325,0.14891041260503995,0.146791147,34.82994452042668,33.615421399999995,0.019396734702731865,True,True,True,gut,2.119265605039944,1.2145231204266835,3.6129938874622693
25.157,0.1497503647477738,0.147559669,34.987235307099596,33.7012278,0.01946535418747145,True,True,True,gut,2.1906957477738076,1.2860075070995975,3.8159069892984663
25.1815,0.15023312066547823,0.148100908,35.18476567800535,34.2351882,0.019556205895177946,True,True,True,gut,2.1322126654782227,0.9495774780053452,2.7736884998498272
25.206,0.15087125531506324,0.148477224,35.23720802692069,34.413867,0.019566317333583882,True,True,True,gut,2.394031315063244,0.8233410269206871,2.3924687885865517
25.2305,0.15170397267464722,0.149328149,35.53947389441767,34.3475538,0.019714995019131987,True,True,True,gut,2.375823674647226,1.191920094417668,3.4701746195901375
25.255,0.152379559500554,0.149825095,36.70987762274172,34.999705,0.020344503626844698,True,True,True,gut,2.554464500554021,1.710172622741723,4.886248677643778
25.2795,0.1529517782413594,0.150576561,35.97823126875916,35.0075263,0.019919703218527426,True,True,True,gut,2.3752172413593895,0.9707049687591578,2.772846502893744
25.304,0.15374295528828777,0.150995911,36.04192888330338,34.9861666,0.01993564910402761,True,True,True,gut,2.747044288287759,1.0557622833033804,3.0176563650828223
25.3285,0.15442833005009138,0.151846205,36.3684782539273,35.364086900000004,0.02009681307247124,True,True,True,gut,2.582125050091366,1.0043913539272964,2.8401450227385805
25.353,0.15475655884753728,0.152434011,35.88040092174604,35.232919100000004,0.019807946989032793,True,True,True,gut,2.3225478475372707,0.6474818217460339,1.8377183562574406
25.3775,0.156051071281055,0.153201037,37.01661767881252,35.2651799,0.02041547229061432,True,True,True,gut,2.8500342810549864,1.751437778812523,4.9664790702301875
25.402,0.1569668592946788,0.153839254,38.57930358595609,35.9587211,0.02125680587288389,True,True,True,gut,3.127605294678787,2.620582485956092,7.287752194157128
25.4265,0.15772550286480816,0.154374137,38.907377314395355,36.8815017,0.021416914756106294,True,True,True,gut,3.3513658648081646,2.0258756143953534,5.492931472460497
25.451,0.15860765088884426,0.155350319,39.34924083880151,37.0503333,0.021639291704287876,True,True,True,gut,3.257331888844278,2.298907538801508,6.204822828952819
25.4755,0.15898579895549303,0.155780731,38.81040719027056,36.248328,0.021322445700244275,True,True,True,gut,3.205067955493024,2.562079190270559,7.068130674249469
25.5,0.15930141273941975,0.156406987,37.73179954663782,36.136447600000004,0.020709941515965457,True,True,True,gut,2.894425739419754,1.5953519466378197,4.414800160483455
25.5245,0.16062970872960536,0.157237591,39.96388805469727,37.1516181,0.021914018537250647,True,True,True,gut,3.3921177296053484,2.812269954697271,7.569710549692776
25.549,0.1612070688821824,0.157748878,40.81188470790985,37.8878602,0.022357553525564972,True,True,True,gut,3.4581908821823824,2.9240245079098486,7.717576269746289
25.5735,0.16182095492414594,0.158594364,39.387537679188064,36.9673784,0.021556596677204422,True,True,True,gut,3.2265909241459556,2.420159279188063,6.546743058166285
25.598,0.1627543159403505,0.159251339,40.2540582064631,37.341606899999995,0.022009753053902435,True,True,True,gut,3.5029769403505107,2.9124513064631046,7.7994803872864535
25.6225,0.16296426191212082,0.159846053,39.85335162526923,38.460190499999996,0.021769822273879302,True,True,True,gut,3.1182089121208345,1.3931611252692306,3.622345878055988
25.647,0.16352510740799622,0.160664772,38.39902897878021,37.461477,0.02095536379395885,True,True,True,gut,2.860335407996212,0.9375519787802062,2.502709593591855
25.6715,0.16472944954319815,0.161434409,39.8712919874012,37.536347400000004,0.02173805071442133,True,True,True,gut,3.2950405431981524,2.3349445874011963,6.220489603101862
25.696,0.1646859478285575,0.161783758,39.423326742885685,37.4163997,0.02147332416042725,True,True,True,gut,2.9021898285575,2.0069270428856854,5.363763106490669
25.7205,0.16572808761367003,0.163001918,39.11657583668624,37.5896192,0.021285946105486994,True,True,True,gut,2.7261696136700317,1.5269566366862364,4.0621763912049325
25.745,0.1669539596249469,0.163825262,40.49691682082573,38.184603499999994,0.022016110597293918,True,True,True,gut,3.1286976249469136,2.312313320825737,6.055616947353499
25.7695,0.1671361962578165,0.164341288,39.64279529505072,37.661181299999996,0.021531278187007424,True,True,True,gut,2.7949082578165028,1.981613995050722,5.261688366240181
25.794,0.16739762109067444,0.16474281,38.08153784652293,36.938097500000005,0.02066366331584229,True,True,True,gut,2.654811090674447,1.1434403465229224,3.0955583094741743
25.8185,0.16855366150111153,0.165795685,39.07841303248467,37.967516100000005,0.0211844623371148,True,True,True,gut,2.7579765011115365,1.110896932484664,2.9259141671494913
25.843,0.16887609431473583,0.166184767,39.227950029817045,37.5958016,0.021245366145329476,True,True,True,gut,2.691327314735814,1.6321484298170432,4.341305040340044
25.8675,0.1697101305008012,0.166899565,38.677035461314034,37.0839035,0.020927158096043535,True,True,True,gut,2.810565500801193,1.593131961314036,4.2960201352968035
25.892,0.17134187186990985,0.168286275,40.45393236694611,38.9618816,0.021867879900433367,True,True,True,gut,3.0555968699098326,1.4920507669461145,3.829514144784308
25.9165,0.1709589537822926,0.168260629,39.14974382238773,38.2522595,0.021142878245842496,True,True,True,gut,2.6983247822925938,0.8974843223877258,2.346225645540562
25.941,0.17128701927307743,0.168937032,38.07944133982751,36.9882036,0.02054543727487756,True,True,True,gut,2.3499872730774474,1.0912377398275126,2.9502317864053085
25.9655,0.17273782721445924,0.170029964,39.756816362925434,37.7469319,0.0214302108580583,True,True,True,gut,2.707863214459233,2.0098844629254344,5.3246300076786754
25.99,0.17257644541086825,0.170178889,39.06480678008359,38.4154654,0.021037345302401474,True,True,True,gut,2.397556410868251,0.649341380083591,1.6903124127804814
26.0145,0.1738283721092497,0.171278597,39.12871323435898,38.1140162,0.021051915462415065,True,True,True,gut,2.5497751092496967,1.0146970343589814,2.6622674163605495
26.039,0.17495257192146985,0.172091484,40.57258296145607,38.7015032,0.021808203431990872,True,True,True,gut,2.8610879214698572,1.8710797614560732,4.834643635899066
26.0635,0.17461820915394988,0.172410671,38.516456645928486,37.884435700000004,0.020683552155940248,True,True,True,gut,2.2075381539498897,0.6320209459284811,1.6682865515889975
26.088,0.1753082431374508,0.173018354,38.16188511489255,37.9109858,0.02047389955602463,True,True,True,gut,2.28988913745079,0.2508993148925498,0.6618116348020415
26.1125,0.17609523029645374,0.173798553,39.06157085829015,37.806386499999995,0.020936919622991733,True,True,True,gut,2.2966772964537476,1.2551843582901583,3.3200326042536714
26.137,0.17618661005594893,0.174180041,38.392661989357734,37.5847732,0.02055909634924229,True,True,True,gut,2.0065690559489258,0.8078887893577331,2.1495108805332186
26.1615,0.17726070985072728,0.175192216,38.26990495075467,38.0389416,0.02047416867148969,True,True,True,gut,2.068493850727271,0.23096335075467067,0.6071760702055671
26.186,0.17806259404960745,0.175764244,38.87435024843677,38.6046122,0.020778084783517038,True,True,True,gut,2.2983500496074614,0.2697380484367713,0.6987197463332407
26.2105,0.17785094990958403,0.175782482,37.48221081200375,37.1366006,0.020015268827063802,True,True,True,gut,2.0684679095840375,0.34561021200374853,0.9306457953067155
26.235,0.1786877437780363,0.176607558,37.306002438099306,37.205916200000004,0.019902570917830795,True,True,True,gut,2.080185778036314,0.10008623809930128,0.2690062450318083
26.2595,0.1795486907097833,0.177593285,38.40713071805956,37.8753257,0.020470900403705104,True,True,True,gut,1.9554057097833089,0.5318050180595648,1.404093583965048
26.284,0.179239303226793,0.177688653,37.01112562618705,37.96467,0.019708445439859612,True,True,True,gut,1.5506502267929878,-0.9535443738129459,-2.5116624846546696
26.3085,0.18078568529658284,0.179018815,37.11251537396672,37.5289428,0.01974403161282743,True,True,True,gut,1.7668702965828453,-0.4164274260332803,-1.1096167250234406
26.333,0.1812265145439385,0.179547973,37.226296911545255,37.4498583,0.01978613792413315,True,True,True,gut,1.678541543938511,-0.2235613884547476,-0.5969619074760226
26.3575,0.1813512500261133,0.179837009,36.70047010608875,37.9850022,0.01948852391875432,True,True,True,gut,1.5142410261133055,-1.2845320939112455,-3.3816822943641833
26.382,0.18219200366545946,0.180537348,36.52378086705473,36.9207878,0.01937668801910255,True,True,True,gut,1.6546556654594702,-0.397006932945267,-1.075293775137883
26.4065,0.18284819281904885,0.181069183,37.47897015666065,37.8573533,0.019864989551276867,True,True,True,gut,1.7790098190488546,-0.37838314333934875,-0.9994970867108894
26.431,0.18309872644415176,0.181643061,36.58959664509741,37.0632985,0.01937561791346038,True,True,True,gut,1.4556654441517658,-0.4737018549025933,-1.2780887672547365
26.4555,0.18440305620130365,0.182689714,37.131676353734434,38.3272215,0.0196444609798446,True,True,True,gut,1.713342201303647,-1.195545146265566,-3.1193107652365724
26.48,0.18488850357838943,0.183049858,37.74872077429039,38.229655799999996,0.01995242984532132,True,True,True,gut,1.8386455783894196,-0.48093502570960567,-1.258015578862747
26.5045,0.1851265255625168,0.183837915,35.790527013287445,36.936175199999994,0.01889992200479273,True,True,True,gut,1.2886105625168065,-1.145648186712549,-3.1016968608935698
26.529,0.18581527202812856,0.184263042,35.86019332244155,36.3092776,0.01891922234171433,True,True,True,gut,1.5522300281285706,-0.44908427755844826,-1.2368306593862066
26.5535,0.18661814772699598,0.184681318,36.95033079012939,38.0231546,0.01947637337919435,True,True,True,gut,1.9368297269959645,-1.0728238098706058,-2.8215013224352665
26.578,0.18647546733323467,0.184923066,36.51989850745498,37.872000199999995,0.019231749750321395,True,True,True,gut,1.5524013332346709,-1.3521016925450127,-3.570188227198554
26.6025,0.1875095769212212,0.185898099,36.29329199209616,37.1537537,0.01909481456889491,True,True,True,gut,1.6114779212211827,-0.8604617079038448,-2.31594824806045
26.627,0.1879607273877906,0.18616878,37.450034347446774,38.9094827,0.019685276370314475,True,True,True,gut,1.7919473877905934,-1.459448352553224,-3.7508808940120506
26.6515,0.18801933532233778,0.186574717,35.608107008279745,37.143336399999995,0.018699877594249372,True,True,True,gut,1.4446183223377762,-1.5352293917202502,-4.133256569057836
26.676,0.18941925512440255,0.187907094,36.37667488950337,37.993445200000004,0.019085951867796245,True,True,True,gut,1.5121611244025557,-1.6167703104966336,-4.2553927446849
26.7005,0.18926894121577975,0.187808275,35.75443347609053,37.422488900000005,0.018742263582648345,True,True,True,gut,1.4606662157797545,-1.6680554239094718,-4.457360995862228
26.725,0.18984336097859128,0.188446274,35.49172022486887,37.8731652,0.018587495220737094,True,True,True,gut,1.3970869785912832,-2.3814449751311315,-6.28794810931496
26.7495,0.19107591237558474,0.189585493,37.36711945673356,38.9529428,0.019551743277159677,True,True,True,gut,1.4904193755847506,-1.5858233432664406,-4.071125900316934
26.774,0.1910077324789871,0.189591529,36.68733153877105,38.5156669,0.019178489526487142,True,True,True,gut,1.4162034789871047,-1.8283353612289517,-4.746991311291436
26.7985,0.1915938389022496,0.190231089,35.65123011972142,37.902132900000005,0.018619823845873844,True,True,True,gut,1.3627499022496048,-2.2509027802785866,-5.938723253958582
26.823,0.19237020126787113,0.191075643,35.839127264662935,38.4857092,0.01870086134282712,True,True,True,gut,1.2945582678711431,-2.6465819353370676,-6.876791386598814
26.8475,0.19269984736610313,0.191540626,35.524084405576076,37.622335299999996,0.01851955626314591,True,True,True,gut,1.1592213661031359,-2.09825089442392,-5.57714155086997
26.872,0.19299100745906347,0.191763638,35.207158293889165,37.1330099,0.01833760089633391,True,True,True,gut,1.2273694590634876,-1.9258516061108324,-5.1863600911889245
26.8965,0.19402855367497418,0.192405205,36.38945309316345,38.0632381,0.01893613291297052,True,True,True,gut,1.6233486749741843,-1.673785006836546,-4.397379441126808
26.921,0.19427005011143444,0.192789449,35.150415777631466,37.7410729,0.018274723417776688,True,True,True,gut,1.480601111434443,-2.5906571223685333,-6.864291137755475
26.9455,0.19482213250591118,0.193553766,35.75607990567773,39.2532468,0.01857270611494642,True,True,True,gut,1.2683665059111948,-3.4971668943222696,-8.90924236698369
26.97,0.1956598026636766,0.194082906,36.1268310010182,38.839281500000006,0.018748237885212113,True,True,True,gut,1.576896663676608,-2.712450498981802,-6.983781352859995
26.9945,0.1957192837844585,0.19426946,35.588316370387204,38.2700412,0.018452010338683152,True,True,True,gut,1.4498237844584871,-2.681724829612797,-7.007373772079443
27.019,0.1975169683204167,0.195391811,34.31368260716946,37.3810242,0.0177749993235452,True,True,True,gut,2.12515732041671,-3.0673415928305374,-8.205611425784683
27.0435,0.19720415082294832,0.196021642,36.33229434989704,38.246900700000005,0.01880361976527545,True,True,True,gut,1.1825088229483194,-1.9146063501029644,-5.005912413977544
27.068,0.1979329846302889,0.196612952,35.928492674673855,38.1598319,0.018577803456729113,True,True,True,gut,1.3200326302889032,-2.2313392253261455,-5.847350772334365
27.0925,0.19912547708841205,0.197490027,35.40765132600501,38.7259417,0.018291931747659806,True,True,True,gut,1.6354500884120382,-3.3182903739949907,-8.56864992387
27.117,0.19934289567178665,0.19751731,35.46983101227938,37.8825391,0.01830749872748279,True,True,True,gut,1.8255856717866448,-2.412708087720624,-6.368918623304803
27.1415,0.1989729982373001,0.197554999,35.4300038584773,37.9514031,0.018270435030970606,True,True,True,gut,1.4179992373000994,-2.521399241522701,-6.6437576362564075
27.166,0.19966530554183917,0.19821356,35.29509240906573,37.7675646,0.01818444963194018,True,True,True,gut,1.4517455418391612,-2.472472190934269,-6.546549180812863
27.1905,0.20030185196039763,0.199246991,35.81618823466761,39.068297799999996,0.01843629736547855,True,True,True,gut,1.0548609603976133,-3.2521095653323897,-8.324164984051057
27.215,0.20168572131870133,0.199188648,34.97059242146917,38.2476153,0.01798482371450855,True,True,True,gut,2.4970733187013314,-3.277022878530829,-8.567914242043814
27.2395,0.2015263821984444,0.19984777,35.616646392681325,38.467290299999995,0.01830060416009465,True,True,True,gut,1.6786121984443958,-2.85064390731867,-7.410565925197673
27.264,0.20222244114646887,0.200515975,35.725232071570105,38.0277688,0.01833990239062891,True,True,True,gut,1.7064661464688546,-2.3025367284298923,-6.05488252687045
27.2885,0.202738737425537,0.201022683,35.5657212435769,37.5073279,0.018241623620139983,True,True,True,gut,1.7160544255369892,-1.9416066564230974,-5.176606186395639
27.313,0.20345027056294768,0.201401786,35.45687752258874,39.3760602,0.018169484962419092,True,True,True,gut,2.048484562947678,-3.919182677411257,-9.953211818309992
27.3375,0.2043420131831222,0.202008373,35.984780013110225,39.2525424,0.018423476738647693,True,True,True,gut,2.3336401831222098,-3.2677623868897783,-8.324970020005068
27.362,0.20387393862997183,0.202599004,36.01206004012668,37.5971659,0.01842093462769535,True,True,True,gut,1.27493462997183,-1.5851058598733232,-4.216024857004776
27.3865,0.2053781077135114,0.203160999,36.48515988676885,38.7077192,0.018646239374139804,True,True,True,gut,2.2171087135113843,-2.2225593132311516,-5.741902026692267
27.411,0.20638062289803838,0.203452745,36.60448338223138,39.779184199999996,0.01869050072927018,True,True,True,gut,2.927877898038389,-3.174700817768617,-7.9808092639783625
27.4355,0.206628194258471,0.203724774,36.37603627316286,39.7464698,0.018557267547323907,True,True,True,gut,2.9034202584710123,-3.3704335268371395,-8.47983114927389
27.46,0.207571039554257,0.203882608,36.634796257614674,39.6958974,0.0186725994872129,True,True,True,gut,3.6884315542569936,-3.0611011423853256,-7.711379116939489
27.4845,0.20687023670216625,0.204809216,37.577733488683336,39.23463,0.019136137181769063,True,True,True,gut,2.0610207021662665,-1.656896511316667,-4.223046098094124
27.509,0.2076416096924788,0.205022191,37.323888671913146,40.1392321,0.018989941042527415,True,True,True,gut,2.619418692478809,-2.8153434280868552,-7.013944414962675
27.5335,0.2093820051471484,0.205487947,37.182379491847904,40.1933558,0.018901109230311342,True,True,True,gut,3.8940581471483826,-3.0109763081520953,-7.491228956185079
27.558,0.20950286016794065,0.206567721,37.74609613320285,40.2271664,0.019170607706820362,True,True,True,gut,2.935139167940637,-2.481070266797154,-6.167648603748422
27.5825,0.2102244030699283,0.206800294,37.077841542859396,40.771899,0.01881448571567925,True,True,True,gut,3.424109069928294,-3.6940574571406017,-9.06030267842222
27.607,0.21065652194705536,0.207731629,37.09186417210574,39.8163349,0.018804897902938482,True,True,True,gut,2.924892947055363,-2.724470727894264,-6.842595469263707
27.6315,0.21053592638233987,0.207906976,37.945337528304485,40.8432128,0.019220535930134508,True,True,True,gut,2.628950382339873,-2.8978752716955185,-7.095120763113714
27.656,0.21133898672995233,0.208324978,38.72812206384584,40.7875974,0.019599663098489702,True,True,True,gut,3.0140087299523333,-2.059475336154165,-5.049268570435984
27.6805,0.21283507302664853,0.208859048,38.28271412524446,41.8594559,0.01935710135448693,True,True,True,gut,3.9760250266485384,-3.57674177475554,-8.544644687451706
27.705,0.21282192990491017,0.209955577,38.73791408381305,42.1224658,0.019569945286475196,True,True,True,gut,2.8663529049101633,-3.384551716186948,-8.035027513006963
27.7295,0.2136310365774422,0.209722906,39.12996293655751,42.541330699999996,0.019750538088861146,True,True,True,gut,3.908130577442215,-3.4113677634424846,-8.018949354215863
27.754,0.21346794505217703,0.209989997,39.222738105132045,41.1020092,0.019779889382403448,True,True,True,gut,3.4779480521770214,-1.8792710948679527,-4.572212238393331
27.7785,0.21433162658355434,0.211436607,39.608217352375995,42.024817999999996,0.019956668354473083,True,True,True,gut,2.895019583554342,-2.4166006476240014,-5.750413119276333
27.803,0.21531237159819677,0.211803198,39.01382623788954,42.211395800000005,0.019639861462916065,True,True,True,gut,3.5091735981967744,-3.1975695621104663,-7.575133447992889
27.8275,0.21677662118897417,0.212392895,39.502392649561706,42.960324799999995,0.019868301623320348,True,True,True,gut,4.383726188974174,-3.457932150438289,-8.04912943870082
27.852,0.21683294596574293,0.212660446,38.62885559842629,43.175931399999996,0.01941185282518418,True,True,True,gut,4.172499965742926,-4.547075801573705,-10.531505989871258
27.8765,0.21777689211325874,0.213820351,41.247961981824524,44.2274562,0.02070979424838713,True,True,True,gut,3.9565411132587434,-2.979494218175475,-6.736752402629648
27.901,0.21864777026564972,0.213681706,39.75340471382488,43.134929299999996,0.019941879852278993,True,True,True,gut,4.966064265649717,-3.381524586175118,-7.83941144926165
27.9255,0.21653210775482012,0.214239334,40.355676660828365,41.6975544,0.020226242518557855,True,True,True,gut,2.292773754820121,-1.341877739171636,-3.2181209629206364
27.95,0.21855624240007143,0.214765596,39.99447713807083,43.63210960000001,0.02002763858524446,True,True,True,gut,3.790646400071429,-3.6376324619291793,-8.33705382406992
27.9745,0.219649436965896,0.21528854,40.31479738944641,43.7171759,0.020170361549145355,True,True,True,gut,4.360896965896005,-3.4023785105535893,-7.782704258702103
27.999,0.21987897994432115,0.216718243,39.697994399342846,42.1353396,0.01984438206451965,True,True,True,gut,3.1607369443211466,-2.4373452006571554,-5.784562848657224
28.0235,0.22097694170645732,0.216779475,38.49024765193841,42.5336327,0.01922382764882012,True,True,True,gut,4.19746670645732,-4.043385048061587,-9.506324269503526
28.048,0.22162891477815308,0.216640517,40.539341224438374,43.8242926,0.020229554680259734,True,True,True,gut,4.988397778153075,-3.2849513755616258,-7.495731660849731
28.0725,0.22236132752889623,0.217879735,41.253203298105596,43.728119,0.02056781327319142,True,True,True,gut,4.481592528896239,-2.4749157018944032,-5.659780842378341
28.097,0.2239665112197074,0.218751328,40.05578830474223,44.045434,0.01995339803410178,True,True,True,gut,5.215183219707403,-3.989645695257771,-9.058023347568266
28.1215,0.2242559942942232,0.21942307,40.399691741509194,43.5259624,0.020107177117239645,True,True,True,gut,4.83292429422319,-3.126270658490803,-7.182542294552005
28.146,0.2246225320905944,0.220592563,39.69131696389209,43.616289699999996,0.019737418972582778,True,True,True,gut,4.029969090594415,-3.924972736107904,-8.998868915958948
28.1705,0.22515396710874797,0.221324884,41.154961318422096,44.7557154,0.020447451032114046,True,True,True,gut,3.829083108747966,-3.6007540815779038,-8.04535029637333
28.195,0.22528118273847142,0.221122502,40.22938680156355,44.244441,0.019970219955584033,True,True,True,gut,4.158680738471421,-4.015054198436452,-9.074708839549928
28.2195,0.22574246235791376,0.222149185,40.16883838123169,42.0848133,0.01992285125979254,True,True,True,gut,3.59327735791376,-1.9159749187683133,-4.5526515826751055
28.244,0.22667446534038782,0.223216456,40.44535833224884,42.9563055,0.020042598148004312,True,True,True,gut,3.458009340387813,-2.510947167751162,-5.845351779033144
28.2685,0.22699967976956192,0.223675943,40.83213073290411,43.4922992,0.020216725448808204,True,True,True,gut,3.3237367695619358,-2.660168467095886,-6.116412597234882
28.293,0.22771044514371985,0.224409698,39.88331215637067,42.750873,0.019729848589560665,True,True,True,gut,3.300747143719862,-2.8675608436293274,-6.707607687050805
28.3175,0.22787504958154348,0.224737366,39.97406688675696,43.114537,0.019757635087165604,True,True,True,gut,3.1376835815434823,-3.1404701132430404,-7.284016788219344
28.342,0.22855399618927985,0.225685707,40.581956730590456,43.536601100000006,0.02004075247810563,True,True,True,gut,2.868289189279838,-2.95464436940955,-6.786575650733447
28.3665,0.22938627112061089,0.226506019,39.9178990902339,42.4493673,0.01969579233753456,True,True,True,gut,2.880252120610882,-2.5314682097660963,-5.963500449548741
28.391,0.2301566854996191,0.226976199,40.06448567983859,41.9384031,0.019751060376752564,True,True,True,gut,3.1804864996191062,-1.873917420161412,-4.4682612632940515
28.4155,0.23078404395744762,0.227636824,39.94712702610736,42.6499532,0.019676225112786525,True,True,True,gut,3.1472199574476276,-2.702826173892639,-6.337231277179079
28.44,0.23120601834713939,0.228484941,39.87211808549464,42.0852414,0.01962236044959674,True,True,True,gut,2.721077347139389,-2.21312331450536,-5.258668456884175
28.4645,0.23159941395094924,0.22889987,39.413091659547,40.9544662,0.01937976373703742,True,True,True,gut,2.6995439509492347,-1.541374540452999,-3.763629912610115
28.489,0.23191131741244309,0.229064545,39.56197395984956,41.779577599999996,0.019436241287369125,True,True,True,gut,2.846772412443077,-2.217603640150436,-5.307865152160937
28.5135,0.23270017241530105,0.230000105,39.21327236327558,41.0048488,0.019248375859772366,True,True,True,gut,2.700067415301044,-1.7915764367244194,-4.369181911785075
28.538,0.23329685624711893,0.230462488,39.3124232605223,40.4247608,0.019280478846519247,True,True,True,gut,2.83436824711894,-1.1123375394777,-2.7516242952702887
28.5625,0.2338212707625525,0.231017177,39.325951746110164,40.6895133,0.019270569919299225,True,True,True,gut,2.804093762552501,-1.3635615538898378,-3.351137537174321
28.587,0.23416120102097288,0.231145992,38.898121262658364,41.2291033,0.019044587857375915,True,True,True,gut,3.015209020972881,-2.3309820373416343,-5.653729649127815
28.6115,0.23492877372093107,0.232175055,39.60986791194374,42.109025,0.01937645399649568,True,True,True,gut,2.753718720931081,-2.499157088056265,-5.934967831851401
28.636,0.23545336867467093,0.232787143,38.86057948902676,40.1703416,0.01899365097148348,True,True,True,gut,2.6662256746709243,-1.3097621109732387,-3.2605202216483984
28.6605,0.23586259426527761,0.233235874,38.4362327943596,40.3402983,0.018770186456600106,True,True,True,gut,2.6267202652776045,-1.9040655056404034,-4.720008492451836
28.685,0.23660732041980134,0.23411516,38.48513779399728,40.1631247,0.01877801691801758,True,True,True,gut,2.492160419801354,-1.6779869060027153,-4.177929178908521
28.7095,0.2368925736109524,0.234885701,37.845285581934704,39.6065932,0.018450056148833358,True,True,True,gut,2.0068726109523927,-1.7613076180652953,-4.44700610620884
28.734,0.23760373427450338,0.235366159,38.65631398839587,40.9581282,0.01882937423396776,True,True,True,gut,2.237575274503384,-2.3018142116041247,-5.619920423033699
28.7585,0.23787487889689163,0.235792022,37.92066375588065,39.6361074,0.018455305332022155,True,True,True,gut,2.0828568968916383,-1.7154436441193468,-4.327982127022258
28.783,0.23854597093980306,0.236102005,38.34845779435913,40.471078399999996,0.01864761868253359,True,True,True,gut,2.443965939803061,-2.1226206056408685,-5.244783903857795
28.8075,0.23883916967371827,0.236372295,37.757717943712045,40.1113803,0.018344745947796323,True,True,True,gut,2.4668746737182556,-2.3536623562879555,-5.867816910523908
28.832,0.2392076979106919,0.237670864,37.31004026259657,39.5201803,0.01811183623786065,True,True,True,gut,1.5368339106918982,-2.210140037403427,-5.592434094748873
28.8565,0.23982886445813983,0.238020855,37.70800958335145,40.246046,0.018289485505994796,True,True,True,gut,1.808009458139831,-2.538036416648552,-6.3063000441050825
28.881,0.2400565337598693,0.238076411,37.03977472842192,39.5671061,0.017950131913493074,True,True,True,gut,1.9801227598693072,-2.5273313715780787,-6.387455694107684
28.9055,0.24063453677188132,0.239131131,36.599787643269586,38.641557999999996,0.01772187275007592,True,True,True,gut,1.503405771881322,-2.04177035673041,-5.283871723625663
28.93,0.2405856808104096,0.239071101,37.04988144087075,39.602892600000004,0.017924618590273503,True,True,True,gut,1.5145798104095887,-2.5530111591292552,-6.446526987095017
28.9545,0.24169016480143699,0.24011664,36.61650136388337,38.752012699999995,0.01769996104595025,True,True,True,gut,1.573524801436993,-2.135511336116622,-5.51071076655748
28.979,0.24202005103564725,0.240458717,36.915149399212105,39.555267,0.017829237487824477,True,True,True,gut,1.5613340356472605,-2.640117600787896,-6.674503298860038
29.0035,0.24287320296613732,0.241481287,36.82793049762597,39.6326308,0.01777208737046435,True,True,True,gut,1.3919159661373304,-2.8047003023740302,-7.0767452116099
29.028,0.24330193949896545,0.241952814,36.325839281764694,38.482469900000005,0.017514997395876808,True,True,True,gut,1.3491254989654589,-2.1566306182353117,-5.604189709858804
29.0525,0.24404985148892916,0.24247373,36.750314762586946,39.0695991,0.01770472101230867,True,True,True,gut,1.5761214889291608,-2.319284337413052,-5.936289060649849
29.077,0.244408105631869,0.243202096,37.05630244856295,39.5947569,0.017837090683807268,True,True,True,gut,1.2060096318689817,-2.5384544514370475,-6.411087351409013
29.1015,0.24465454300548994,0.24368088,36.633340499493286,39.0762232,0.01761865219221068,True,True,True,gut,0.9736630054899553,-2.442882700506715,-6.251583445010916
29.126,0.2452435886624153,0.243906227,36.70680514512122,39.404260900000004,0.017639134654487378,True,True,True,gut,1.3373616624152984,-2.6974557548787814,-6.845594088731611
29.1505,0.24582340004881054,0.244783844,36.69000588891669,40.4659715,0.017616243613038297,True,True,True,gut,1.039556048810536,-3.775965611083315,-9.33121205574742
29.175,0.24616368806875638,0.245051253,36.7983089424392,40.6576678,0.017653406872569916,True,True,True,gut,1.1124350687563844,-3.8593588575607995,-9.4923271953164
29.1995,0.24593145622966392,0.245166995,36.46100435068126,40.1534933,0.01747691391359539,True,True,True,gut,0.7644612296639208,-3.6924889493187436,-9.195934514914903
29.224,0.24712524514782358,0.245737148,36.748731276119386,40.591584,0.017600063110649846,True,True,True,gut,1.3880971478235915,-3.842852723880611,-9.467116937049344
29.2485,0.24762159441024414,0.246703217,36.87766480574203,40.221903000000005,0.017647018808069057,True,True,True,gut,0.9183774102441422,-3.3442381942579757,-8.314470337860383
29.273,0.24800650650377723,0.247877959,37.03602870900981,41.312507599999996,0.017707967396178536,True,True,True,gut,0.12854750377722102,-4.276478890990184,-10.351535502023566
29.2975,0.2484337279204447,0.247991105,37.10826994914902,41.2213013,0.017727670814247896,True,True,True,gut,0.44262292044472407,-4.1130313508509815,-9.977926996814585
29.322,0.24811701475733208,0.247592005,36.22894850100798,40.230904900000006,0.01729313270947284,True,True,True,gut,0.5250097573320789,-4.001956398992029,-9.94746801977111
29.3465,0.24913182630776987,0.249484156,36.531816176266574,40.9241321,0.017423142367093122,True,True,True,gut,-0.35232969223014665,-4.3923159237334275,-10.732826081688431
29.371,0.2495067390371153,0.250130637,36.4430741963493,40.714458,0.01736632028150567,True,True,True,gut,-0.6238979628847008,-4.2713838036507,-10.491073720423099
29.3955,0.2504315220840929,0.250556104,37.079895694419946,41.7120291,0.017655059538402743,True,True,True,gut,-0.1245819159070849,-4.632133405580056,-11.105030144841493
29.42,0.25034411047157434,0.250765499,36.329693589324314,40.5345822,0.01728345650034699,True,True,True,gut,-0.4213885284256591,-4.204888610675688,-10.373583203420036
29.4445,0.2513255314217325,0.252039476,36.5497328463106,41.1545463,0.017373669567437956,True,True,True,gut,-0.7139445782675113,-4.6048134536894025,-11.18907597746838
29.469,0.2510427314780581,0.251915866,36.78767128017527,41.8578265,0.017472233811141973,True,True,True,gut,-0.8731345219418762,-5.070155219824734,-12.112800983167949
29.4935,0.25206645622060103,0.252705372,36.491610308827454,41.871292499999996,0.017317222991744225,True,True,True,gut,-0.6389157793989519,-5.379682191172542,-12.848139787355603
29.518,0.2525896902712897,0.253674148,37.4396470074845,43.4228361,0.01775237042340024,True,True,True,gut,-1.0844577287102974,-5.983189092515495,-13.778899836796924
29.5425,0.25274791730280666,0.253472621,36.850143978138014,41.5729284,0.01745836138998333,True,True,True,gut,-0.7247036971933518,-4.722784421861988,-11.36023995332017
29.567,0.2533998291301136,0.254681618,36.99056499516921,42.9714162,0.017510366567907727,True,True,True,gut,-1.281788869886391,-5.980851204830792,-13.918208273598372
29.5915,0.25434978509505934,0.254539688,37.270061983462725,43.5253351,0.017628066053521293,True,True,True,gut,-0.189902904940642,-6.255273116537275,-14.371567966485971
29.616,0.254310575256226,0.254988263,37.56462201766925,43.1651011,0.017752689458820702,True,True,True,gut,-0.6776877437739692,-5.60047908233075,-12.97455337671096
29.6405,0.2548126238915841,0.256491672,37.50323283428645,43.4250922,0.01770902761305836,True,True,True,gut,-1.6790481084159037,-5.921859365713551,-13.636952889909008
29.665,0.25579154071997445,0.256934087,37.811572627471435,44.1669378,0.01783987973155084,True,True,True,gut,-1.1425462800255248,-6.355365172528565,-14.3894177162732
29.6895,0.25626996792382034,0.257538116,37.4951788284726,43.7418432,0.017676003540871354,True,True,True,gut,-1.2681480761796426,-6.246664371527395,-14.280752511881792
29.714,0.25661430883245073,0.258553564,38.03309443292962,45.9490928,0.017914804660639067,True,True,True,gut,-1.9392551675492808,-7.9159983670703795,-17.22775768724291
29.7385,0.25719801214688404,0.258868503,37.971241735718806,44.2072555,0.01787093498951122,True,True,True,gut,-1.6704908531159912,-6.236013764281196,-14.106312852380523
29.763,0.2576804106055779,0.259381426,38.51203623853703,45.2769801,0.01811053632065795,True,True,True,gut,-1.701015394422134,-6.764943861462974,-14.941243533737742
29.7875,0.25809795943286096,0.259579827,38.12278383086748,44.5669641,0.017912742609104675,True,True,True,gut,-1.481867567139028,-6.4441802691325165,-14.459545089660969
29.812,0.25880034509118754,0.26084443,37.944201858518454,45.6472775,0.01781418031131793,True,True,True,gut,-2.0440849088124713,-7.703075641481547,-16.875213733133478
29.8365,0.25880778235298174,0.260460544,37.87416820645169,45.7198863,0.017766699689719483,True,True,True,gut,-1.6527616470182749,-7.845718093548307,-17.160405960039114
29.861,0.25916619461881024,0.261438875,38.07101602672379,45.6335599,0.017844387850429112,True,True,True,gut,-2.2726803811897733,-7.562543873276212,-16.572329421260452
29.8855,0.25975996212773816,0.262459491,38.201952538518015,46.3618493,0.017891080460187503,True,True,True,gut,-2.699528872261825,-8.159896761481988,-17.600455729625065
29.91,0.260537668141017,0.263056846,38.91473757873145,47.8162625,0.01820996987992785,True,True,True,gut,-2.519177858983035,-8.901524921268553,-18.61610350927899
29.9345,0.26174198391110554,0.264028702,38.27731576557536,47.192583500000005,0.01789703142790584,True,True,True,gut,-2.2867180888944683,-8.915267734424646,-18.891247465663
29.959,0.26211708490277263,0.264411062,38.12818853654454,46.6321158,0.017812726260997207,True,True,True,gut,-2.29397709722734,-8.50392726345546,-18.236202920596323
29.9835,0.2622692373558943,0.264981962,38.890054246827894,47.7819775,0.01815380876646388,True,True,True,gut,-2.712724644105713,-8.89192325317211,-18.609366372859114
30.008,0.2631529644667119,0.266437898,38.71567846441796,48.0629707,0.018057655258139352,True,True,True,gut,-3.2849335332881258,-9.347292235582039,-19.448011846637765
30.0325,0.2639283578887993,0.266344355,38.980431201541336,49.6381782,0.01816630860383886,True,True,True,gut,-2.415997111200663,-10.657746998458663,-21.470866548560526
30.057,0.26419489298279336,0.266754793,38.90605433239192,49.7754748,0.01811686682855771,True,True,True,gut,-2.559900017206629,-10.86942046760808,-21.836899620308756
30.0815,0.265187735038748,0.268246061,39.14911567256183,49.4847685,0.018215202444012157,True,True,True,gut,-3.0583259612519953,-10.335652827438174,-20.88653365618589
30.106,0.26614655698616096,0.268630186,39.26286019505272,49.8645428,0.01825325876959564,True,True,True,gut,-2.4836290138390282,-10.601682604947285,-21.26096422355503
30.1305,0.2669921404006584,0.268975739,39.32799208199822,50.1312561,0.018268671623797906,True,True,True,gut,-1.9835985993416072,-10.803264018001784,-21.549956770386576
30.155,0.26726367122967704,0.270360091,39.45492549945066,51.5972597,0.01831274420703593,True,True,True,gut,-3.096419770322989,-12.142334200549342,-23.532905179748028
30.1795,0.2671998260072216,0.270143703,39.6096714887011,50.7129485,0.01836964377583855,True,True,True,gut,-2.943876992778427,-11.1032770112989,-21.894362958010415
30.204,0.26863338111021,0.271571329,39.42535391378045,52.257599199999994,0.018269332221120597,True,True,True,gut,-2.9379478897899602,-12.832245286219546,-24.555749752505942
30.2285,0.269601376889616,0.272449354,39.35613111903776,52.178405,0.01822247386458986,True,True,True,gut,-2.8479771103839813,-12.822273880962236,-24.57390922731777
30.253,0.2696296777800275,0.272793182,39.41511021421233,50.6936831,0.01823500271306752,True,True,True,gut,-3.163504219972524,-11.278572885787668,-22.2484779090507
30.2775,0.27098415344823773,0.27377552,39.707349609212706,52.8440609,0.018355339484215433,True,True,True,gut,-2.7913665517622643,-13.136711290787296,-24.8593901888931
30.302,0.27084445826435743,0.27420875,39.528594946056465,52.5095115,0.018257933376767208,True,True,True,gut,-3.364291735642566,-12.980916553943537,-24.721076588083545
30.3265,0.27242954119243173,0.275123699,39.92263619859978,52.8022633,0.018425040643387538,True,True,True,gut,-2.694157807568265,-12.879627101400217,-24.3921875625362
30.351,0.27251813404009023,0.275197541,40.655520247811516,56.4142887,0.018748134155068548,True,True,True,gut,-2.679406959909758,-15.758768452188484,-27.93400185543505
30.3755,0.2721106000652298,0.275049424,39.552024748434675,52.6651174,0.018224550260436536,True,True,True,gut,-2.938823934770185,-13.113092651565324,-24.899009627130013
30.4,0.2735742989846671,0.276803011,40.23057198191161,52.9727029,0.018522267754017985,True,True,True,gut,-3.2287120153328686,-12.742130918088392,-24.054145287135032
30.4245,0.27439985184305715,0.277951717,39.954711828887774,52.769248,0.018380447778926754,True,True,True,gut,-3.551865156942835,-12.814536171112223,-24.28409851721257
30.449,0.2747178468054815,0.277721262,40.39363537946244,54.1936362,0.018567414856835194,True,True,True,gut,-3.0034151945185217,-13.800000820537562,-25.464245967200043
30.4735,0.2762314198434338,0.279584994,40.634536151484156,52.9326862,0.018663130956022306,True,True,True,gut,-3.3535741565661747,-12.298150048515843,-23.233564988651274
30.498,0.2768407438174302,0.279495142,41.272676598164146,54.6539607,0.01894099584199509,True,True,True,gut,-2.654398182569795,-13.381284101835853,-24.483649364932216
30.5225,0.2769339676795354,0.280274305,40.428022361587836,52.7102547,0.0185384717372597,True,True,True,gut,-3.340337320464626,-12.282232338412165,-23.301409580197237
30.547,0.2777768349500669,0.280901079,40.638948868261714,52.6438241,0.018620246919607022,True,True,True,gut,-3.1242440499331114,-12.00487523173829,-22.80395741945785
30.5715,0.2783064542232199,0.280880904,41.211423393114494,53.9121136,0.018867414956009566,True,True,True,gut,-2.5744497767800634,-12.700690206885504,-23.55813816003961
30.596,0.2789428162177506,0.281423535,40.15967042873709,52.2300276,0.01837117872326318,True,True,True,gut,-2.4807187822494248,-12.070357171262913,-23.109995774275472
30.6205,0.2806837025680389,0.283729591,41.078218710172436,53.6691801,0.018776336472540133,True,True,True,gut,-3.04588843196113,-12.590961389827562,-23.46031999439388
30.645,0.28047980182153387,0.28330714,40.97539260296496,51.324647199999994,0.01871436226380273,True,True,True,gut,-2.8273381784661433,-10.349254597035035,-20.164297587290648
30.6695,0.28096379716072006,0.283845208,41.127688855131225,52.1433403,0.01876891397719903,True,True,True,gut,-2.881410839279952,-11.015651444868773,-21.12571112915214
30.694,0.2824044653654716,0.284607737,41.85946767310241,52.6964856,0.019087618518451022,True,True,True,gut,-2.2032716345284364,-10.837017926897595,-20.564972793740903
30.7185,0.28156545207087835,0.283834653,41.69836142722604,52.4781777,0.01899899019567809,True,True,True,gut,-2.2692009291216397,-10.779816272773964,-20.541521724322305
30.743,0.2832435125542525,0.286354946,41.52632487701053,53.9144895,0.01890552693717883,True,True,True,gut,-3.1114334457474913,-12.388164622989471,-22.97743099837655
30.7675,0.28367467769609006,0.286440191,41.14014923944617,52.4495461,0.018714799896471342,True,True,True,gut,-2.76551330390995,-11.309396860553832,-21.562430376406695
30.792,0.28432888413608115,0.287083177,41.853666699507016,53.0002697,0.019024232623992502,True,True,True,gut,-2.7542928639188724,-11.14660300049298,-21.031219394894855
30.8165,0.2852930606900219,0.288747785,41.97771498144439,52.8714869,0.019065448091020572,True,True,True,gut,-3.4547243099780633,-10.893771918555608,-20.60424731227978
30.841,0.2857020235147206,0.288602216,42.68927012710229,53.4872922,0.019373220103342578,True,True,True,gut,-2.900192485279396,-10.798022072897709,-20.18801406607327
30.8655,0.28560985825255975,0.28801493,42.1509457893758,51.900973099999995,0.01911373416651934,True,True,True,gut,-2.405071747440257,-9.750027310624198,-18.78582756403887
30.89,0.28642932569709795,0.289092834,41.78576914934307,51.0628261,0.018933112988499222,True,True,True,gut,-2.6635083029020734,-9.277056950656934,-18.167926962148563
30.9145,0.28689620047097747,0.288687549,41.92214001813367,52.4642156,0.01897984894782865,True,True,True,gut,-1.7913485290225184,-10.542075581866335,-20.093840079954106
30.939,0.2870662195651974,0.28882998,42.803157156104135,52.318337,0.019363375414884663,True,True,True,gut,-1.763760434802586,-9.515179843895865,-18.187083897364445
30.9635,0.2879789172175879,0.289843215,42.307329100562214,52.4649497,0.01912392788429354,True,True,True,gut,-1.8642977824120943,-10.157620599437784,-19.360774493295256
30.988,0.28943938824390764,0.291339519,42.75509159412814,51.8714308,0.01931104732742669,True,True,True,gut,-1.9001307560923553,-9.11633920587186,-17.574875158199532
31.0125,0.2892378461016451,0.290544386,42.97355399350097,51.1464006,0.019394385742365697,True,True,True,gut,-1.306539898354886,-8.172846606499029,-15.979319190838678
31.037,0.2898036122057157,0.290900119,42.17263566889682,51.0406315,0.01901789924230109,True,True,True,gut,-1.096506794284302,-8.867995831103187,-17.37438501540324
31.0615,0.2902625968595068,0.291467173,42.859801515557535,52.6350523,0.019312534175450608,True,True,True,gut,-1.204576140493241,-9.775250784442463,-18.571750871885165
31.086,0.2904310301334699,0.292103474,42.58139694270017,52.2014567,0.01917196363943052,True,True,True,gut,-1.6724438665300934,-9.620059757299835,-18.428718977299795
31.1105,0.29163900720167557,0.29293508,41.64934512632857,50.3906111,0.018737546364484523,True,True,True,gut,-1.2960727983244436,-8.741265973671432,-17.34701322896128
31.135,0.2924634347012737,0.294450959,42.26946713668668,51.2534641,0.01900156787296726,True,True,True,gut,-1.9875242987263397,-8.983996963313324,-17.528565378107437
31.1595,0.29246045069628335,0.292866318,42.78220953935716,51.9953972,0.01921694134970456,True,True,True,gut,-0.4058673037166671,-9.213187660642838,-17.719237003237737
31.184,0.29399859506867554,0.293862311,41.44284028303625,50.5229228,0.01860069727434967,True,True,True,gut,0.13628406867555176,-9.080082516963756,-17.972203534043672
31.2085,0.2939898281921969,0.294652417,43.130181392726435,53.059052699999995,0.0193428259377964,True,True,True,gut,-0.6625888078031217,-9.92887130727356,-18.712869533144833
31.233,0.29407296213913914,0.294088199,42.09974714824097,50.1161362,0.01886589098692238,True,True,True,gut,-0.015236860860856627,-8.016389051759027,-15.995624682173778
31.2575,0.2957006280069663,0.295608025,42.31147367213424,52.2013362,0.01894590896534386,True,True,True,gut,0.09260300696628532,-9.889862527865759,-18.945611832567916
31.282,0.29676602637830773,0.296797076,42.505537102825144,50.3848937,0.019017898753116314,True,True,True,gut,-0.031049621692258444,-7.879356597174855,-15.638331290505144
31.3065,0.2968831768143951,0.297566118,42.86664425116847,51.1282953,0.019164456355531958,True,True,True,gut,-0.6829411856049128,-8.261651048831524,-16.158667134031212
31.331,0.2981491878191601,0.297735157,42.513178745199454,51.178337400000004,0.018991569470921284,True,True,True,gut,0.4140308191601383,-8.66515865480055,-16.931301591678025
31.3555,0.2991038891370043,0.299722158,43.4186860841372,52.6106,0.019380924099707684,True,True,True,gut,-0.6182688629957078,-9.191913915862798,-17.471600620146507
31.38,0.2980648905314411,0.298298818,42.80573520672329,50.905218100000006,0.019092401369950985,True,True,True,gut,-0.23392746855893654,-8.099482893276715,-15.910908931508366
31.4045,0.2993765669410886,0.299693159,43.06949830195874,52.2668159,0.01919505955762187,True,True,True,gut,-0.3165920589113802,-9.19731759804126,-17.596858426650893
31.429,0.2994868580861873,0.300216732,43.77258992848437,54.563595899999996,0.01949320342679436,True,True,True,gut,-0.7298739138126842,-10.791005971515624,-19.776933307864383
31.4535,0.3003056986288277,0.299651026,43.09340894460452,52.882835400000005,0.01917579624170888,True,True,True,gut,0.6546726288277349,-9.789426455395486,-18.51153853863797
31.478,0.30079961507940717,0.301583371,43.37883438383181,53.3451764,0.01928778167130851,True,True,True,gut,-0.7837559205928213,-9.966342016168191,-18.682742637192202
31.5025,0.3019030494431818,0.301748133,43.677532695844576,52.8320787,0.019405489919496324,True,True,True,gut,0.1549164431818295,-9.15454600415542,-17.327627890884827
31.527,0.30203183394764954,0.301517874,43.51595523837657,52.9161523,0.01931867822871435,True,True,True,gut,0.5139599476495227,-9.40019706162343,-17.764324602307546
31.5515,0.30275459718159886,0.303153839,42.88680027098574,53.1424644,0.01902458398126659,True,True,True,gut,-0.3992418184011193,-10.255664129014264,-19.298435337549503
31.576,0.3033438437951824,0.303236272,42.82849226566128,55.3425407,0.018983977335956987,True,True,True,gut,0.10757179518244842,-12.514048434338719,-22.611987588670136
31.6005,0.30400264704574265,0.303955196,43.27290658950027,53.5516585,0.019166095476132933,True,True,True,gut,0.04745104574266357,-10.278751910499729,-19.19408697771653
31.625,0.30500410686265805,0.304880703,42.55388034614773,53.704169,0.018833028701025965,True,True,True,gut,0.12340386265807801,-11.150288653852272,-20.762426570369744
31.6495,0.3059093272274668,0.3055223,42.7486919752727,52.835853900000004,0.01890460082937314,True,True,True,gut,0.3870272274667519,-10.087161924727305,-19.091509231248185
31.674,0.3060188578012003,0.305754569,42.85886744676426,53.7918711,0.018938662841293592,True,True,True,gut,0.2642888012003297,-10.933003653235744,-20.324639075876547
31.6985,0.30709694298480295,0.306776213,42.555473798084755,54.5835898,0.01879006372584079,True,True,True,gut,0.32072998480292547,-12.028116001915244,-22.03613951736689
31.723,0.30746443239660903,0.308062239,43.06722885814349,55.2915679,0.01900133922345962,True,True,True,gut,-0.5978066033909823,-12.22433904185651,-22.108866697297096
31.7475,0.30776022568003764,0.308031291,42.009607462500384,53.0679314,0.018520411247300975,True,True,True,gut,-0.27106531996234917,-11.058323937499615,-20.838053501930197
31.772,0.30875455139584274,0.308829065,41.74059617588498,55.5743572,0.0183876245818124,True,True,True,gut,-0.07451360415727803,-13.83376102411502,-24.89234553686393
31.7965,0.3090731702413186,0.308314387,42.57693230473258,56.311692199999996,0.018741596513099038,True,True,True,gut,0.7587832413185613,-13.734759895267416,-24.39060052837023
31.821,0.310072066548476,0.310376115,42.239651428567434,54.722506599999996,0.01857881612051163,True,True,True,gut,-0.3040484515239861,-12.482855171432561,-22.811190398636754
31.8455,0.31107404231348335,0.310648163,42.869385132290134,55.370062,0.018841293587414366,True,True,True,gut,0.42587931348336827,-12.500676867709863,-22.5765990070769
31.87,0.31104936560180374,0.310745156,42.54060970358997,54.9595478,0.01868242213699827,True,True,True,gut,0.3042096018037177,-12.41893809641003,-22.59650705570403
31.8945,0.3117767177213137,0.311272292,41.577297911101056,53.5317589,0.01824534153852205,True,True,True,gut,0.504425721313706,-11.954460988898944,-22.331530356083526
31.919,0.31226741824202664,0.31214877,41.92353192475824,54.4262914,0.018383158048927168,True,True,True,gut,0.11864824202661994,-12.50275947524176,-22.971911467114513
31.9435,0.3127237904098842,0.312617397,41.99237330293878,54.984894,0.018399221830890426,True,True,True,gut,0.10639340988416457,-12.992520697061217,-23.62925478598034
31.968,0.31292251371168667,0.312678779,41.20551068811537,53.6983956,0.018040616261892933,True,True,True,gut,0.2437347116866495,-12.49288491188463,-23.26491280101603
31.9925,0.31393456045981405,0.313914488,42.09407255027266,55.744216800000004,0.018415533332231608,True,True,True,gut,0.020072459814057808,-13.650144249727347,-24.487103834827483
32.017,0.3147450181800422,0.314813017,41.32150558639818,53.2839679,0.018063713454380147,True,True,True,gut,-0.0679988199577819,-11.962462313601819,-22.45039696753105
32.0415,0.3150468787077959,0.315360243,40.922715955796356,53.261413,0.0178757035818423,True,True,True,gut,-0.3133642922040769,-12.338697044203641,-23.166296853978775
32.066,0.31564431815704086,0.315354799,40.7090927709804,52.1261436,0.01776880290329508,True,True,True,gut,0.28951915704084064,-11.417050829019601,-21.90273448316173
32.0905,0.31623132814257837,0.316059625,41.00874580527519,52.035864100000005,0.01788593045179904,True,True,True,gut,0.17170314257836106,-11.027118294724815,-21.191381147305314
32.115,0.31645279940909554,0.316348851,39.93679173644016,52.0300669,0.0174051103673246,True,True,True,gut,0.10394840909555558,-12.093275163559838,-23.242859146813508
32.1395,0.3170410159091337,0.316942359,40.59195886287637,51.6062491,0.017677157361748384,True,True,True,gut,0.09865690913368752,-11.014290237123632,-21.34293894481789
32.164,0.31816005850577955,0.31831816,41.23439116641731,53.3772012,0.017943248318263463,True,True,True,gut,-0.15810149422046393,-12.142810033582691,-22.74905720156547
32.1885,0.3183923452017289,0.318239437,40.84464900839889,52.7298712,0.01776012278297355,True,True,True,gut,0.152908201728863,-11.885222191601109,-22.53982784543784
32.213,0.31930184188725996,0.319261448,41.12035704811693,54.519211999999996,0.017866407644641813,True,True,True,gut,0.04039388725995963,-13.398854951883067,-24.576391441393298
32.2375,0.31967063532785206,0.318990309,40.94346733504447,52.3271821,0.01777603094856909,True,True,True,gut,0.6803263278520322,-11.383714764955535,-21.754878264227294
32.262,0.3200878568795007,0.319633804,41.17956990841869,55.0292717,0.01786496023660974,True,True,True,gut,0.4540528795006771,-13.84970179158131,-25.167881317937397
32.2865,0.3207281174657289,0.319824628,40.414768230920735,51.4940072,0.01751986110421272,True,True,True,gut,0.9034894657288794,-11.079238969079263,-21.515589039415957
32.311,0.3216108395839563,0.321589524,40.718370864835876,53.5334556,0.01763808895952712,True,True,True,gut,0.02131558395629396,-12.815084735164127,-23.938459775356115
32.3355,0.321407465477924,0.320843586,40.64977260679082,52.51137,0.017595032529229667,True,True,True,gut,0.5638794779239675,-11.86159739320918,-22.588626793033928
32.36,0.3227641445521108,0.323128142,40.4643249818978,52.317727500000004,0.01750150197671508,True,True,True,gut,-0.3639974478892305,-11.8534025181022,-22.656569932442498
32.3845,0.32241180086016286,0.322032891,40.13611708710837,51.993582,0.017346413434768476,True,True,True,gut,0.3789098601628682,-11.857464912891636,-22.805631881434206
32.409,0.323354457237062,0.322883405,40.72863164978835,51.8589507,0.017589185251960873,True,True,True,gut,0.4710522370620085,-11.130319050211654,-21.462676934208876
32.4335,0.3232542752374562,0.32358427,40.09116837982906,52.25651,0.01730080974181735,True,True,True,gut,-0.329994762543806,-12.165341620170942,-23.280049930948206
32.458,0.3237192330374259,0.324741033,40.26894509177644,51.4173502,0.017364409981117226,True,True,True,gut,-1.0217999625741214,-11.148405108223564,-21.682185225141307
32.4825,0.3247936511499444,0.326267269,40.66768473196779,52.441199100000006,0.017523124046497713,True,True,True,gut,-1.4736178500556196,-11.773514368032217,-22.450887031742596
32.507,0.3250591537425008,0.326205,40.16632288743097,52.319287300000006,0.0172940503171109,True,True,True,gut,-1.14584625749925,-12.152964412569034,-23.228459407108616
32.5315,0.3258900336317963,0.327051724,39.95173739437327,51.894998400000006,0.017188703334796128,True,True,True,gut,-1.1616903682036828,-11.943261005626738,-23.014281479632412
32.556,0.3261167470781439,0.327227081,40.16009001708036,50.3838952,0.017265341469412353,True,True,True,gut,-1.1103339218560548,-10.22380518291964,-20.291811782983466
32.5805,0.3270499661529075,0.328202595,39.81853975821805,52.152513400000004,0.017105631767291588,True,True,True,gut,-1.1526288470924961,-12.333973641781952,-23.649816351481828
32.605,0.32800207810554627,0.328717984,39.64574048704882,50.8822578,0.017018601284119066,True,True,True,gut,-0.71590589445375,-11.236517312951179,-22.083370115213675
32.6295,0.3280178164053881,0.329435599,39.71484972862107,51.1569632,0.017035466824244515,True,True,True,gut,-1.4177825946119493,-11.442113471378931,-22.366678464954173
32.654,0.3294919414543128,0.331186493,39.32361965213189,51.123879599999995,0.01685499518470724,True,True,True,gut,-1.6945515456872062,-11.800259947868106,-23.081698885520627
32.6785,0.3291955473334172,0.33110217,39.63454120848394,51.469040299999996,0.016975526631354095,True,True,True,gut,-1.906622666582758,-11.834499091516058,-22.9934326005221
32.703,0.3299154557329304,0.331169001,39.22910875674362,48.8295987,0.01678929196464049,True,True,True,gut,-1.2535452670696112,-9.600489943256378,-19.661210001417395
32.7275,0.330940577211454,0.332661762,39.44334173878167,49.3515843,0.016868342293528835,True,True,True,gut,-1.7211847885460485,-9.90824256121833,-20.076847991318346
32.752,0.3312369392129173,0.333380703,39.78031206277211,50.036783699999994,0.016999724951304127,True,True,True,gut,-2.1437637870826975,-10.256471637227882,-20.497863529201783
32.7765,0.3324023856876237,0.333838122,39.3168586651835,48.762822400000005,0.01678911367388321,True,True,True,gut,-1.4357363123763123,-9.445963734816502,-19.371240773004356
32.801,0.33238150711706427,0.333917006,38.864471856861606,48.923723,0.016583539152862172,True,True,True,gut,-1.5354988829357485,-10.059251143138397,-20.56109087024795
32.8255,0.33353475353885065,0.335048889,39.19919251499562,49.254620200000005,0.016713880978882566,True,True,True,gut,-1.5141354611493685,-10.055427685004382,-20.415196877316255
32.85,0.3342428514888883,0.33618316,39.50283263095899,48.391494,0.016830786042933164,True,True,True,gut,-1.9403085111116547,-8.88866136904101,-18.368230931330636
32.8745,0.33467663246874146,0.336089834,39.58853369415026,49.2558544,0.016854729793085714,True,True,True,gut,-1.4132015312585122,-9.66732070584974,-19.62674452328603
32.899,0.3344241803674262,0.335984664,39.003253295909104,47.5225404,0.016593181761382157,True,True,True,gut,-1.5604836325737725,-8.519287104090893,-17.926834366141954
32.9235,0.335185935875167,0.336772485,38.78630821898155,46.3289038,0.016488607539644876,True,True,True,gut,-1.5865491248330255,-7.542595581018446,-16.28053971140678
32.948,0.33613193976233263,0.338566797,39.03613129995602,46.7922153,0.01658247102603021,True,True,True,gut,-2.4348572376673427,-7.756084000043984,-16.575586238687833
32.9725,0.3373962261250786,0.339166895,39.31217333908338,47.1366771,0.016687324508614456,True,True,True,gut,-1.7706688749214439,-7.82450376091662,-16.599608292958397
32.997,0.337566632623534,0.339947282,38.93458155813458,45.222446399999995,0.016514772261267532,True,True,True,gut,-2.3806493764660375,-6.287864841865414,-13.904300502118378
33.0215,0.33766407665729214,0.339432928,38.790680179205,44.6897413,0.016441526319448653,True,True,True,gut,-1.7688513427078778,-5.899061120795004,-13.20003416711433
33.046,0.3390097879699113,0.341195453,39.052345961019526,45.0557329,0.01654016219008602,True,True,True,gut,-2.185665030088657,-6.003386938980476,-13.324357529162455
33.0705,0.33920432721013755,0.341096882,38.820706750157484,43.9701687,0.016429873167916192,True,True,True,gut,-1.892554789862444,-5.149461949842518,-11.711262663048453
33.095,0.33982696931553225,0.341839613,38.688278340586024,43.0025392,0.01636170479352108,True,True,True,gut,-2.012643684467741,-4.314260859413977,-10.03257235427153
33.1195,0.3401108660185719,0.342139814,38.83550025229529,44.326515400000005,0.01641181702861101,True,True,True,gut,-2.0289479814281086,-5.491015147704715,-12.387653525557107
33.144,0.3400520466146739,0.341305246,38.57589055582093,43.647231600000005,0.016290055912901925,True,True,True,gut,-1.253199385326087,-5.071341044179071,-11.618929444723525
33.1685,0.3415394755773074,0.342265044,38.9648447062541,44.6941324,0.016442151762633875,True,True,True,gut,-0.7255684226926129,-5.729287693745903,-12.81888110607088
33.193,0.3421343789074043,0.344258281,38.325011224258404,40.5992996,0.01616022187211528,True,True,True,gut,-2.1239020925957197,-2.274288375741598,-5.601792144565957
33.2175,0.34280306025900176,0.345007686,38.926286885896985,42.9841547,0.016401651118858187,True,True,True,gut,-2.204625740998223,-4.0578678141030124,-9.440380629616087
33.242,0.34302737135228434,0.344582638,38.60276612440158,42.0310218,0.016253347278085042,True,True,True,gut,-1.5552666477156585,-3.4282556755984146,-8.156489014022531
33.2665,0.34286658921414936,0.3450945,38.9601494066783,43.894596,0.01639173926250042,True,True,True,gut,-2.227910785850662,-4.934446593321702,-11.241581066885095
33.291,0.34426062536309615,0.345691553,38.63643074152784,42.5954569,0.01624357779716349,True,True,True,gut,-1.4309276369038337,-3.959026158472163,-9.294479849732902
33.3155,0.34468834400736903,0.346431411,38.6963387789424,41.5290506,0.01625680046858601,True,True,True,gut,-1.7430669926309927,-2.8327118210576003,-6.821036792634024
33.34,0.3450505093048374,0.346493602,38.411209829713655,40.5143134,0.0161251560107067,True,True,True,gut,-1.4430926951626288,-2.1031035702863434,-5.191013727722074
33.3645,0.3454940932264857,0.348626265,38.97081123558185,42.6019673,0.016348065151429284,True,True,True,gut,-3.1321717735142696,-3.6311560644181498,-8.523446907622386
33.389,0.3465587261466208,0.348654458,38.11761239133415,40.5831579,0.015978419231911126,True,True,True,gut,-2.09573185337919,-2.465545508665855,-6.075292402678833
33.4135,0.34665145955029125,0.348117871,38.582727509400755,40.6633474,0.016161530664378167,True,True,True,gut,-1.466411449708771,-2.0806198905992446,-5.116696050948439
33.438,0.34696385830024284,0.349549426,37.64424819054477,40.7813856,0.015756866990609623,True,True,True,gut,-2.585567699757152,-3.137137409455228,-7.692571900880258
33.4625,0.3476869653137741,0.349481354,37.66051513853398,40.1931027,0.015752134318134135,True,True,True,gut,-1.794388686225945,-2.5325875614660163,-6.301050158703017
33.487,0.3484618523708935,0.350470695,37.416222392493566,39.107139700000005,0.0156385048976851,True,True,True,gut,-2.0088426291065,-1.6909173075064388,-4.323807162778613
33.5115,0.34858713585747736,0.349871588,37.52012423968032,38.484673900000004,0.01567046683115373,True,True,True,gut,-1.2844521425226518,-0.9645496603196833,-2.5063215108071453
33.536,0.34916022259828705,0.351339619,38.58795769162861,41.8045875,0.01610467878595438,True,True,True,gut,-2.179396401712941,-3.216629808371387,-7.694442167074097
33.5605,0.35004030322235724,0.352103481,38.450855344088794,41.818484000000005,0.016035744095800494,True,True,True,gut,-2.063177777642755,-3.3676286559112114,-8.052966855305446
33.585,0.35080600141861507,0.352402,37.21803424737622,40.6225702,0.015510279103307817,True,True,True,gut,-1.5959985813849276,-3.4045359526237817,-8.3808974564189
33.6095,0.3514566658249523,0.35364583,38.38477855223097,43.9559223,0.015984848413785203,True,True,True,gut,-2.1891641750477198,-5.571143747769028,-12.67438710475887
33.634,0.35130926449941957,0.353033014,38.540951609144244,41.9741882,0.01603819346855642,True,True,True,gut,-1.723749500580407,-3.4332365908557563,-8.17939962173171
33.6585,0.3524494478796326,0.355056467,38.43099480256281,43.5437485,0.015980795838292896,True,True,True,gut,-2.607019120367371,-5.112753697437192,-11.741648051814355
33.683,0.35282800052500385,0.355904347,38.6705031025635,42.6849384,0.016068694402406776,True,True,True,gut,-3.076346474996161,-4.014435297436499,-9.40480517932878
33.7075,0.35336781204294565,0.356961826,39.11730727189111,42.9660871,0.016242539914038918,True,True,True,gut,-3.5940139570543317,-3.8487798281088956,-8.957715463247048
33.732,0.35371056770188547,0.356772436,38.67541597524436,42.7439959,0.01604739106266129,True,True,True,gut,-3.061868298114556,-4.068579924755639,-9.51848286312333
33.7565,0.35399723120633353,0.356643806,38.58352677226408,43.8023419,0.01599764464719417,True,True,True,gut,-2.6465747936664785,-5.2188151277359225,-11.914465988257861
33.781,0.3552266030221781,0.356948989,39.23406069098185,43.2251581,0.016255573357928602,True,True,True,gut,-1.722385977821872,-3.9910974090181526,-9.233274288517066
33.8055,0.35581098730131794,0.357958888,39.41075824144204,46.1490881,0.016316949188787216,True,True,True,gut,-2.147900698682037,-6.738329858557961,-14.601219950341687
33.83,0.3560598642076216,0.358306551,39.09441046254368,45.2876404,0.016174251989370066,True,True,True,gut,-2.246686792378383,-6.193229937456323,-13.675320424634716
33.8545,0.35682288666517137,0.358645146,39.654614886076594,45.287734,0.016394148580874963,True,True,True,gut,-1.8222593348286575,-5.6331191139234065,-12.438509539742938
33.879,0.3576639848061259,0.360501653,39.748065796366426,44.6687406,0.0164208998188243,True,True,True,gut,-2.837668193874099,-4.920674803633574,-11.01592464335915
33.9035,0.35855456221015525,0.361060588,39.042906175814586,44.6906126,0.016117925234492885,True,True,True,gut,-2.506025789844768,-5.647706424185415,-12.637343942305716
33.928,0.3589535383757773,0.36170483,40.179540546714065,45.8188236,0.01657517953475728,True,True,True,gut,-2.7512916242226626,-5.639283053285936,-12.307786647944265
33.9525,0.359970508878009,0.362103158,39.73659802534676,47.0365368,0.016380624673581857,True,True,True,gut,-2.1326491219909594,-7.299938774653242,-15.519719926857459
33.977,0.3592891461398612,0.360963491,39.47006672510924,48.658718300000004,0.01625901998017035,True,True,True,gut,-1.6743448601388433,-9.188651574890763,-18.88387507093618
34.0015,0.3618065119508794,0.363894871,39.3633357287437,44.9491115,0.01620337010714026,True,True,True,gut,-2.088359049120636,-5.585775771256301,-12.42688806264013
34.026,0.36204729349492903,0.364396301,39.71149860125095,45.7764115,0.01633491628584534,True,True,True,gut,-2.3490075050709436,-6.06491289874905,-13.24899156577411
34.0505,0.3625182255098658,0.364369663,40.06120690435217,47.6534895,0.016466908404033878,True,True,True,gut,-1.8514374901342223,-7.592282595647831,-15.932269966605134
34.075,0.36322907898990114,0.36564919,40.35596469327422,49.6058084,0.016576139892139442,True,True,True,gut,-2.4201110100988688,-9.249843706725784,-18.646694822789712
34.0995,0.36449724204678435,0.366803968,39.21870225066702,46.6206377,0.016097437297073917,True,True,True,gut,-2.306725953215627,-7.401935449332981,-15.876950240285925
34.124,0.3647071076654965,0.366116991,40.0482924955296,48.386907,0.01642614322419293,True,True,True,gut,-1.4098833345034811,-8.3386145044704,-17.233204231199153
34.1485,0.3658254769547523,0.368721757,39.55301179189617,47.548095499999995,0.016211360421041866,True,True,True,gut,-2.896280045247668,-7.995083708103827,-16.814729641703163
34.173,0.36607292843338307,0.367719734,39.379359095929836,48.0585525,0.016128614861730162,True,True,True,gut,-1.646805566616949,-8.679193404070162,-18.059623006893855
34.1975,0.3671708439742305,0.370604229,41.0032204444196,49.278871699999996,0.01678166874360742,True,True,True,gut,-3.4333850257695087,-8.2756512555804,-16.79350798849642
34.222,0.3678883638984002,0.370902245,40.490338002757326,46.8397094,0.01655989388633628,True,True,True,gut,-3.0138811015998357,-6.34937139724267,-13.555531147771532
34.2465,0.3682398114624571,0.37103229,40.16058298238186,48.588772000000006,0.016413278920219515,True,True,True,gut,-2.792478537542886,-8.428189017618145,-17.345960127615786
34.271,0.36814076899158665,0.372009634,40.02325035944376,48.389664800000006,0.016345458711790283,True,True,True,gut,-3.8688650084133247,-8.366414440556248,-17.289672237110118
34.2955,0.3693644330258,0.372449596,40.69702335594234,49.0096633,0.016608753550986247,True,True,True,gut,-3.085162974199973,-8.312639944057658,-16.961226387486033
34.32,0.371000552079122,0.374675005,40.58812358136988,50.4230498,0.01655248599908262,True,True,True,gut,-3.6744529208779797,-9.834926218630123,-19.50482221452246
34.3445,0.3706858061837718,0.375333417,40.17910953371838,48.4651845,0.016373994633544907,True,True,True,gut,-4.64761081622822,-8.286074966281618,-17.096963628151705
34.369,0.3720978520926286,0.376361316,40.19342731630298,47.8454065,0.01636815309970908,True,True,True,gut,-4.263463907371423,-7.651979183697023,-15.993132347401046
34.3935,0.37250309983088187,0.375425587,40.015637603842116,47.365128399999996,0.016284142803717577,True,True,True,gut,-2.9224871691181376,-7.34949079615788,-15.516670268665166
34.418,0.37322609671120666,0.376121951,40.56786757558644,46.7416585,0.016497118120459366,True,True,True,gut,-2.8958542887933536,-6.173790924413559,-13.208326624553896
34.4425,0.3742243819366575,0.37760796,39.521059457340435,49.1899185,0.016059996476357776,True,True,True,gut,-3.383578063342496,-9.668859042659562,-19.65618024485965
34.467,0.3752596761311865,0.378615866,40.92181989510938,50.7685933,0.016617396780478137,True,True,True,gut,-3.3561898688135305,-9.84677340489062,-19.395403269703397
34.4915,0.37517000324466265,0.378016775,40.12697375008392,49.020538099999996,0.016283053897153038,True,True,True,gut,-2.846771755337374,-8.893564349916076,-18.142526978740115
34.516,0.37557645060978717,0.379087805,40.48126924854672,51.4332227,0.0164151628251514,True,True,True,gut,-3.5113543902128286,-10.951953451453285,-21.293539227230426
34.5405,0.3777929751118442,0.381325257,40.498758049358145,48.2372067,0.01641060603097438,True,True,True,gut,-3.532281888155797,-7.738448650641857,-16.04248914902831
34.565,0.3778441009331709,0.381549968,40.11708467430881,47.1351676,0.01624442481026557,True,True,True,gut,-3.705867066829127,-7.018082925691189,-14.88927118122985
34.5895,0.37871049405564183,0.382091703,40.4372902657128,47.4397753,0.01636248628794188,True,True,True,gut,-3.3812089443581717,-7.002485034287204,-14.760788789586032
34.614,0.3792655047909265,0.381421495,40.51043071616194,48.2818019,0.01638047931809712,True,True,True,gut,-2.1559902090734773,-7.771371183838056,-16.095859885125904
34.6385,0.38000101570724476,0.383541712,40.45879471552389,47.7699252,0.016348028956326675,True,True,True,gut,-3.540696292755219,-7.3111304844761165,-15.304881583687546
34.663,0.38042879506236865,0.38316632,40.24130405661626,48.348942300000004,0.016248655582854266,True,True,True,gut,-2.7375249376313526,-8.107638243383747,-16.769008498834825
34.6875,0.3817703180405091,0.383390709,40.446644135081705,46.2837435,0.01632003282172636,True,True,True,gut,-1.6203909594909027,-5.837099364918295,-12.61155413005496
34.712,0.38225705518777897,0.385342065,41.0657458174642,49.2811798,0.01655814235123019,True,True,True,gut,-3.08500981222104,-8.2154339825358,-16.67053024273538
34.7365,0.38353827161813736,0.386832516,40.796750903058545,49.6230494,0.0164380786373128,True,True,True,gut,-3.2942443818626543,-8.826298496941455,-17.786691071309807
34.761,0.3837159599566089,0.386893468,40.658559507639424,48.272036400000005,0.01637085118280508,True,True,True,gut,-3.1775080433911196,-7.6134768923605805,-15.772023432515848
34.7855,0.3838156916145118,0.386549973,40.89269849534333,48.380794099999996,0.016453528757340942,True,True,True,gut,-2.734281385488202,-7.488095604656664,-15.477413597592571
34.81,0.38512352535204336,0.387644901,40.53998210379488,47.423061000000004,0.01630012983557537,True,True,True,gut,-2.521375647956625,-6.883078896205127,-14.51420205921572
34.8345,0.38520499430997196,0.387426529,40.791263627226876,46.6995068,0.01638962859602972,True,True,True,gut,-2.2215346900280597,-5.908243172773126,-12.651617924095776
34.859,0.3858286242115411,0.387985842,41.52441543727448,46.7512527,0.016672477398761747,True,True,True,gut,-2.1572177884588983,-5.226837262725525,-11.180100983102694
34.8835,0.38670642271471195,0.388362537,40.773821537280355,47.8268169,0.016359608226386664,True,True,True,gut,-1.6561142852880573,-7.052995362719642,-14.746947047441166
34.908,0.38739756115472607,0.389356797,41.49561724035538,47.4931152,0.016637527873994272,True,True,True,gut,-1.95923584527391,-5.997497959644619,-12.628141856747732
34.9325,0.3879051166017641,0.389412965,40.98299832271289,48.2384977,0.016420470424126733,True,True,True,gut,-1.5078483982359225,-7.255499377287116,-15.040890001197354
34.957,0.3888229360553672,0.390926965,41.10794514780003,47.9706433,0.01645898874216274,True,True,True,gut,-2.1040289446327964,-6.862698152199968,-14.306037359728233
34.9815,0.3896236204354451,0.391052735,41.087516247724274,47.1466244,0.016439287668349636,True,True,True,gut,-1.429114564554912,-6.059108152275726,-12.851626663383616
35.006,0.38983614596117194,0.39213836,40.458833875294154,46.1995916,0.016176419730716398,True,True,True,gut,-2.3022140388280765,-5.740757724705844,-12.425992364629138
35.0305,0.39058713739847656,0.391702679,41.362853238502204,46.9714174,0.016526302094906527,True,True,True,gut,-1.1155416015234398,-5.608564161497796,-11.940376662974185
35.055,0.39096291903276753,0.392499069,41.423567906112474,47.4569087,0.016538993093573796,True,True,True,gut,-1.5361499672324475,-6.033340793887525,-12.713303413897933
35.0795,0.39158456609253534,0.393921341,40.25823320663834,45.8753731,0.016062489288584246,True,True,True,gut,-2.336774907464645,-5.61713989336166,-12.244347051123297
35.104,0.3925471447870218,0.393342892,41.154786782621116,47.1845367,0.016408741922696746,True,True,True,gut,-0.7957472129782039,-6.029749917378886,-12.779080476547067
35.1285,0.3933105646861354,0.394467435,41.765091784535784,47.5351424,0.01664046158395856,True,True,True,gut,-1.1568703138645775,-5.770050615464214,-12.138494436200983
35.153,0.3937533396125871,0.396006214,41.23210980560514,50.3519128,0.016416656001589952,True,True,True,gut,-2.2528743874128954,-9.11980299439486,-18.112128193856538
35.1775,0.39418438642007303,0.395285906,40.661732483896095,47.1564624,0.016178283497075667,True,True,True,gut,-1.1015195799269906,-6.494729916103907,-13.77272506366785
35.202,0.3948368382076662,0.39585795,41.32410268842806,46.649835,0.01643038075521407,True,True,True,gut,-1.0211117923338286,-5.32573231157194,-11.416401176064053
35.2265,0.39525922565001986,0.396544477,40.916164497508504,47.0286217,0.016256870835951873,True,True,True,gut,-1.2852513499801432,-6.112457202491498,-12.997313086238071
35.251,0.3951882054244174,0.398322845,42.27404076386012,50.5164324,0.0167847104856895,True,True,True,gut,-3.134639575582576,-8.242391636139878,-16.316258382767106
35.2755,0.3969375767332838,0.397812093,42.27895046531747,48.7402823,0.016775000969943527,True,True,True,gut,-0.8745162667161965,-6.461331834682525,-13.256656567790387
35.3,0.3973986643032389,0.398220202,41.51455874888187,48.3444558,0.01646028138862181,True,True,True,gut,-0.8215376967611321,-6.829897051118131,-14.127570448560373
35.3245,0.39893764554001193,0.39926053,41.35516841546049,47.5445087,0.016385711527975626,True,True,True,gut,-0.3228844599880709,-6.189340284539512,-13.017991885442518
35.349,0.398725033888755,0.39929981,41.478295660903576,48.0460619,0.016423106338412864,True,True,True,gut,-0.5747761112449568,-6.5677662390964215,-13.66972854667288
35.3735,0.39949631997622537,0.401319525,42.2094777268824,48.3833185,0.016701038609442945,True,True,True,gut,-1.8232050237746433,-6.173840773117604,-12.76026730807562
35.398,0.4002776852252561,0.401124071,41.777650580366355,49.547439399999995,0.01651873639004302,True,True,True,gut,-0.8463857747439407,-7.769788819633639,-15.681514350131362
35.4225,0.401277760666525,0.401440483,42.63609194183728,50.963652499999995,0.01684650113065163,True,True,True,gut,-0.1627223334750294,-8.327560558162716,-16.34019570744604
35.447,0.40223382192613377,0.402734193,42.05104653386092,47.9355118,0.01660385215862354,True,True,True,gut,-0.5003710738662459,-5.884465266139081,-12.275795219816722
35.4715,0.4034968394334842,0.4032789,42.71017888468516,50.703952900000004,0.016852462548801336,True,True,True,gut,0.2179394334841933,-7.993774015314841,-15.765583466599583
35.496,0.40308366255551986,0.403756827,42.444837864971724,48.4669357,0.016736205414526552,True,True,True,gut,-0.6731644444801232,-6.022097835028276,-12.425167277551399
35.5205,0.40397131246835394,0.403773954,42.33846071543889,49.6621589,0.016682745646954843,True,True,True,gut,0.19735846835394755,-7.32369818456111,-14.747039489983004
35.545,0.4047282058752917,0.405105901,42.988353698708686,48.823854399999995,0.016927149476278294,True,True,True,gut,-0.37769512470831046,-5.835500701291309,-11.9521507939187
35.5695,0.40498585953515065,0.406758768,43.257656200159644,47.7579686,0.01702145804435896,True,True,True,gut,-1.7729084648493432,-4.500312399840354,-9.423165456497983
35.594,0.4056306436985442,0.405685149,43.078820970442635,49.9040491,0.016939420414366867,True,True,True,gut,-0.05450530145584276,-6.825228129557367,-13.676702096618781
35.6185,0.40666917108472717,0.40692531,43.14838427540185,49.406405299999996,0.016955103535644195,True,True,True,gut,-0.25613891527281885,-6.258021024598143,-12.666416402081662
35.643,0.4068309204338501,0.407743829,42.9563360837442,49.7415042,0.016868035848630177,True,True,True,gut,-0.9129085661498948,-6.785168116255804,-13.640858324215705
35.6675,0.40800959226132644,0.408415766,42.18048838482912,48.6966513,0.016551999644465357,True,True,True,gut,-0.4061737386735764,-6.516162915170881,-13.381131435563171
35.692,0.409544951235227,0.409074322,43.43345294905238,52.8501709,0.01703197484777546,True,True,True,gut,0.4706292352270047,-9.416717950947621,-17.817762536218442
35.7165,0.40970001931068933,0.409525551,43.397014262731105,51.4357299,0.01700601238888435,True,True,True,gut,0.17446831068934632,-8.038715637268893,-15.628660569019928
35.741,0.41065439780555574,0.410568255,44.05653415749544,51.9684691,0.017252624254513817,True,True,True,gut,0.0861428055557445,-7.911934942504558,-15.224491079927846
35.7655,0.4106733748647198,0.410188327,43.75693211091087,52.3190554,0.017123561528586562,True,True,True,gut,0.48504786471975647,-8.562123289089136,-16.365210005471802
35.79,0.410812466536694,0.411081263,43.15406323424768,52.0896164,0.016876078216914767,True,True,True,gut,-0.26879646330596474,-8.935553165752317,-17.154192684268487
35.8145,0.41209822908541743,0.411748567,43.481451119006735,52.327684399999995,0.01699247624315229,True,True,True,gut,0.3496620854174237,-8.84623328099326,-16.90545527176674
35.839,0.4132628843638296,0.413110461,43.523483852178806,50.970605500000005,0.016997275059001286,True,True,True,gut,0.1524233638295902,-7.447121647821199,-14.610620326692406
35.8635,0.4125116497354292,0.411911932,43.08094784407496,49.703275999999995,0.016812957421146812,True,True,True,gut,0.5997177354292171,-6.622328155925032,-13.32372569551559
35.888,0.414347787873828,0.413761492,43.76754435486461,50.9462537,0.017069250763944815,True,True,True,gut,0.5862958738279689,-7.178709345135388,-14.090750200019887
35.9125,0.4156135409438576,0.415536129,44.06066508005717,50.2334915,0.017171844368523485,True,True,True,gut,0.0774119438576304,-6.1728264199428295,-12.288268713996974
35.937,0.4160236948002027,0.415377398,44.59134443557096,53.8138612,0.01736681913157578,True,True,True,gut,0.6462968002026726,-9.222516764429038,-17.137809030564487
35.9615,0.4171931949124017,0.416454494,44.029345663349666,54.7528476,0.017136257015331335,True,True,True,gut,0.7387009124016908,-10.723501936650337,-19.585286257605233
35.986,0.41734529406970877,0.416421208,43.71208112174294,52.0585264,0.017001194754078214,True,True,True,gut,0.9240860697087849,-8.346445278257058,-16.032811251947113
36.0105,0.41740878453724417,0.417214163,44.72866439259637,55.2229911,0.017384744529672043,True,True,True,gut,0.194621537244144,-10.49432670740363,-19.003546346122548
36.035,0.418400686218778,0.41737982,44.41237975073493,51.8187068,0.017250077579187784,True,True,True,gut,1.0208662187780049,-7.406327049265073,-14.292767046176213
36.0595,0.41912387486266345,0.419721961,44.0458789232824,51.7207373,0.01709610255862089,True,True,True,gut,-0.5980861373365287,-7.6748583767176015,-14.839035128599376
36.084,0.42031320506050096,0.420779173,43.563752241273754,54.0237565,0.01689748772522022,True,True,True,gut,-0.4659679394990457,-10.460004258726244,-19.361860293306787
36.1085,0.4213029860512226,0.421834691,44.06836449416209,53.8639284,0.01708161855990535,True,True,True,gut,-0.5317049487773562,-9.79556390583791,-18.1857584413355
36.133,0.42132340860204576,0.421750354,44.00030972441677,54.0702749,0.01704367510429068,True,True,True,gut,-0.426945397954237,-10.069965175583228,-18.623846825648798
36.1575,0.42226568018667965,0.421966509,44.29300643644638,55.5887713,0.01714542674187637,True,True,True,gut,0.2991711866796587,-11.295764863553615,-20.320227627613736
36.182,0.423102916442342,0.422442581,43.998336807588224,54.527116299999996,0.017019830277932326,True,True,True,gut,0.6603354423420082,-10.528779492411772,-19.309254196543257
36.2065,0.42360773590134915,0.425417934,45.05052002166092,55.806093700000005,0.017415052907819216,True,True,True,gut,-1.8101980986508504,-10.755573678339083,-19.273116903968287
36.231,0.4244090026946329,0.425986976,45.00876585338528,58.9390514,0.01738714668489168,True,True,True,gut,-1.5779733053671308,-13.93028554661472,-23.63506913620724
36.2555,0.4254236821984943,0.424938378,44.527351268565745,55.9698094,0.01718954958809698,True,True,True,gut,0.4853041984942963,-11.442458131434257,-20.44398266511563
36.28,0.4260378233736609,0.426695844,44.96816753581127,56.2169321,0.01734800131045215,True,True,True,gut,-0.6580206263390731,-11.248764564188733,-20.00956676927721
36.3045,0.4267384269755785,0.426871331,43.9795065248874,54.6471414,0.016955141810714645,True,True,True,gut,-0.13290402442150961,-10.667634875112604,-19.52093851905052
36.329,0.4280177580779595,0.42905039,44.431273882163985,57.6187583,0.017117756956082728,True,True,True,gut,-1.0326319220405056,-13.187484417836018,-22.88748457433526
36.3535,0.4283755936031047,0.428218094,43.463618335236305,54.3741739,0.016733669341347648,True,True,True,gut,0.1574996031046827,-10.910555564763698,-20.06569439533811
36.378,0.4292542407803272,0.42990045,43.93610959400215,55.5358685,0.01690418802002787,True,True,True,gut,-0.6462092196727887,-11.599758905997852,-20.88696768287301
36.4025,0.4304826907301534,0.430780529,43.81226194916606,55.7200629,0.01684519331967942,True,True,True,gut,-0.29783826984663975,-11.907800950833945,-21.370760065731986
36.427,0.4313127738675152,0.431686777,45.26346856543914,60.3869095,0.01739145669657898,True,True,True,gut,-0.37400313248481254,-15.123440934560861,-25.04423733518083
36.4515,0.4318834303264419,0.43168943,43.77770939680283,54.893988400000005,0.016809282027716047,True,True,True,gut,0.19400032644190102,-11.116279003197178,-20.250448778098217
36.476,0.43262772113844233,0.433637259,44.83445366195825,57.8827123,0.017203476132587436,True,True,True,gut,-1.0095378615576633,-13.048258638041752,-22.542583302617196
36.5005,0.43330645381210486,0.433038324,43.236331610914526,54.4761752,0.016579123237610644,True,True,True,gut,0.2681298121048892,-11.239843589085474,-20.632585800710682
36.525,0.43398739620612203,0.433707394,44.88942722551304,57.6420451,0.017201462529041818,True,True,True,gut,0.28000220612200977,-12.752617874486958,-22.123812318530938
36.5495,0.434727764814422,0.434766586,44.08005536146995,58.3702958,0.016879991573422307,True,True,True,gut,-0.03882118557801961,-14.290240438530049,-24.482042180313996
36.574,0.43593482974796016,0.436569834,44.10277083073281,56.6818273,0.016877376914874887,True,True,True,gut,-0.635004252039828,-12.579056469267194,-22.192397578663087
36.5985,0.43631713288976565,0.437638525,42.97554144705167,53.972682199999994,0.01643499609879716,True,True,True,gut,-1.321392110234354,-10.997140752948326,-20.37538307286186
36.623,0.4376158683248253,0.436811034,44.47583004021848,59.1403975,0.016997368084522093,True,True,True,gut,0.8048343248253098,-14.664567459781516,-24.796193599783493
36.6475,0.4387262460936625,0.43832883,43.3067773270978,56.1347064,0.016539525567457795,True,True,True,gut,0.39741609366250596,-12.8279290729022,-22.852046257254855
36.672,0.4376658066396295,0.43821359,42.78921300109243,55.440270899999994,0.016330942030759885,True,True,True,gut,-0.5477833603704796,-12.651057898907567,-22.819257001335412
36.6965,0.4409407548244378,0.440021346,44.45555243202655,56.8631863,0.016955589797073473,True,True,True,gut,0.9194088244378062,-12.407633867973452,-21.820152325817613
36.721,0.4404280111881841,0.439487817,44.961425706188265,57.5918825,0.01713709123510867,True,True,True,gut,0.9401941881840847,-12.630456793811732,-21.93096708344571
36.7455,0.44087921460486956,0.439786325,43.603800798142856,55.2900894,0.016608550067041296,True,True,True,gut,1.0928896048695846,-11.686288601857143,-21.13631706635863
36.77,0.44198787001383444,0.440902835,44.219220444983264,56.6421587,0.016831738934168977,True,True,True,gut,1.0850350138344456,-12.422938255016739,-21.93231780026904
36.7945,0.44292157698154877,0.442680817,43.82321875699562,54.6396655,0.01666989642435212,True,True,True,gut,0.240759981548766,-10.816446743004377,-19.7959607622495
36.819,0.44311496782536886,0.441929554,45.18033364028071,55.3460946,0.01717469285722888,True,True,True,gut,1.1854138253688529,-10.165760959719293,-18.367621117966458
36.8435,0.4435772544276016,0.442863019,44.30178918218507,55.3875637,0.016829527403206538,True,True,True,gut,0.7142354276015728,-11.085774517814933,-20.01491630478582
36.868,0.4448678392909726,0.443925802,45.45373367871128,56.3741615,0.017255657757840423,True,True,True,gut,0.9420372909726416,-10.920427821288719,-19.371335254873316
36.8925,0.4452144999512506,0.443809563,44.89807956492392,55.9469444,0.017033394840007893,True,True,True,gut,1.4049369512506016,-11.048864835076081,-19.748826238088675
36.917,0.44625815320477075,0.445584183,45.23416425099012,55.9136482,0.01714950951386405,True,True,True,gut,0.6739702047707241,-10.679483949009878,-19.09995912055311
36.9415,0.4464914555192734,0.445627515,45.26045949149809,53.645774200000005,0.01714809840830359,True,True,True,gut,0.8639405192734095,-8.385314708501916,-15.630895133025996
36.966,0.4479348636197529,0.446477844,43.59094837865345,51.4908833,0.0165046148048791,True,True,True,gut,1.457019619752864,-7.899934921346549,-15.34239542040746
36.9905,0.4479897960787758,0.446136576,44.68318891546214,54.683737,0.016906958731804374,True,True,True,gut,1.853220078775808,-10.000548084537861,-18.28797487731656
37.015,0.4493627965485142,0.448405474,45.401640354386466,54.273773,0.017167431562578134,True,True,True,gut,0.9573225485141612,-8.872132645613533,-16.346998108300916
37.0395,0.4487385524921273,0.447519971,43.43658452188559,52.287633299999996,0.01641353356625325,True,True,True,gut,1.2185814921272797,-8.851048778114404,-16.927614082916246
37.064,0.45011936230892424,0.449031966,44.2493282589851,54.0969384,0.016709595212306038,True,True,True,gut,1.0873963089242378,-9.847610141014897,-18.203636716370806
37.0885,0.45036897139444443,0.449995139,44.09292120184816,52.1593297,0.01663953315626544,True,True,True,gut,0.37383239444443994,-8.066408498151837,-15.464938956360546
37.113,0.4508106633062011,0.448808685,43.818328697228885,53.4988374,0.016524992900372775,True,True,True,gut,2.0019783062011354,-9.680508702771114,-18.094802005493886
37.1375,0.4518851698180446,0.451006311,43.73637816210975,52.3579729,0.0164832059710175,True,True,True,gut,0.8788588180446144,-8.621594737890248,-16.466632033972896
37.162,0.45300286912701926,0.452284812,43.59528823471936,52.757762,0.016419200596461007,True,True,True,gut,0.7180571270192782,-9.162473765280637,-17.36706300255996
37.1865,0.4535167188779829,0.452130219,42.84640222129232,52.5785093,0.016126517432028767,True,True,True,gut,1.386499877982894,-9.732107078707678,-18.50966717823565
37.211,0.45436968045356885,0.453126921,42.52851625611448,50.6674997,0.01599633255362776,True,True,True,gut,1.2427594535688313,-8.138983443885522,-16.063519005429672
37.2355,0.45475702324362866,0.45234254,43.72337899483125,53.027022,0.016434937686330413,True,True,True,gut,2.41448324362864,-9.303643005168752,-17.545098054287777
37.26,0.45514278182215184,0.454332098,42.50747254798616,49.9142582,0.01596739124421726,True,True,True,gut,0.8106838221518253,-7.406785652013838,-14.839017785931633
37.2845,0.4563991034044352,0.454581133,43.64733972036134,52.0591111,0.01638479416133948,True,True,True,gut,1.8179704044351541,-8.411771379638665,-16.158115653339813
37.309,0.45681836919850427,0.455568905,42.764105535689026,50.0161571,0.016042694682685175,True,True,True,gut,1.2494641985042465,-7.252051564310975,-14.499417757768867
37.3335,0.45755582859356136,0.455414462,43.27772149809914,50.2922334,0.01622472017715121,True,True,True,gut,2.1413665935613446,-7.01451190190086,-13.947505266093154
37.358,0.4586940218024649,0.456628009,42.58808806639524,51.0555447,0.01595570727291419,True,True,True,gut,2.0660128024648783,-8.467456633604762,-16.584793450660733
37.3825,0.4587971355671452,0.457055274,43.21605542435422,50.695751800000004,0.016180365070842397,True,True,True,gut,1.7418615671451754,-7.479696375645787,-14.754089070725223
37.407,0.45890314755440165,0.457046775,42.74466999929333,51.2975643,0.01599339351961602,True,True,True,gut,1.8563725544016307,-8.552894300706669,-16.673100209373235
37.4315,0.4599107998545119,0.456715173,43.73801666943278,51.344259099999995,0.01635435381158915,True,True,True,gut,3.1956268545119126,-7.606242430567214,-14.814202335168597
37.456,0.4600153297269259,0.457111219,42.876507722466314,49.6796229,0.01602173495447326,True,True,True,gut,2.904110726925868,-6.803115177533684,-13.693975075510656
37.4805,0.4610806236333167,0.458800659,42.1966250870906,51.475617199999995,0.015757375183266465,True,True,True,gut,2.2799646333167,-9.278992112909393,-18.02599486443728
37.505,0.4624450739267203,0.459755502,42.411032134102285,48.186923,0.01582709489679384,True,True,True,gut,2.6895719267203133,-5.775890865897715,-11.986428072814931
37.5295,0.4624917264278585,0.45961327,43.69718418627255,49.1046653,0.016296419969956708,True,True,True,gut,2.8784564278585,-5.407481113727449,-11.012153490286492
37.554,0.46372771860826517,0.460885866,43.29434367905056,48.707306800000005,0.01613565103184175,True,True,True,gut,2.841852608265194,-5.412963120949442,-11.113246608308554
37.5785,0.46421792258465694,0.462035809,42.85356903933337,48.4186063,0.01596096302478582,True,True,True,gut,2.1821135846569195,-5.565037260666628,-11.49359241401095
37.603,0.4646167434598444,0.461148523,43.66598568194424,49.1800572,0.016252954055633984,True,True,True,gut,3.4682204598444066,-5.514071518055758,-11.212007126449128
37.6275,0.46530687741956434,0.462187952,42.16944467129983,47.5321205,0.01568570531657202,True,True,True,gut,3.1189254195643223,-5.362675828700169,-11.282214578876552
37.652,0.4657535518893766,0.462215178,42.3044697268147,48.274915,0.015725691080154165,True,True,True,gut,3.5383738893766115,-5.970445273185298,-12.36759354871013
37.6765,0.46638298432888103,0.463577912,42.895168612478884,49.5621218,0.015934900716421414,True,True,True,gut,2.805072328881053,-6.666953187521116,-13.45171059145639
37.701,0.46715448276899624,0.464222816,41.668217789561574,47.3246048,0.015469048104550616,True,True,True,gut,2.931666768996255,-5.656387010438429,-11.952317477014471
37.7255,0.46796917103861346,0.464327335,42.53758851913226,48.835179,0.015781540556611358,True,True,True,gut,3.641836038613455,-6.29759048086774,-12.895602329762609
37.75,0.4682910909551688,0.464751042,42.296180110985986,48.5708839,0.0156817932995054,True,True,True,gut,3.5400489551687953,-6.274703789014012,-12.918652668402464
37.7745,0.4687632535083309,0.465154021,41.75421585133973,49.6876615,0.015470813181566265,True,True,True,gut,3.6092325083309507,-7.933445648660268,-15.96663116991382
37.799,0.4696620798415652,0.465784619,42.06582242571833,50.147497200000004,0.01557616747714068,True,True,True,gut,3.8774608415652057,-8.081674774281673,-16.115808815044257
37.8235,0.4703963031008763,0.466249159,42.53995462671193,48.4512414,0.015741526429063735,True,True,True,gut,4.147144100876298,-5.911286773288069,-12.200485689285287
37.848,0.4710013213223642,0.466811866,42.29497415026089,48.571936599999994,0.01564074239417213,True,True,True,gut,4.1894553223642,-6.276962449739102,-12.923022817540083
37.8725,0.4725130818063441,0.467857427,44.0153149408591,52.7683671,0.016266397233562862,True,True,True,gut,4.655654806344112,-8.7530521591409,-16.587688117301813
37.897,0.47291898843400726,0.468660585,42.911052397074315,50.2108496,0.015848051301741484,True,True,True,gut,4.25840343400724,-7.299797202925689,-14.538286567701672
37.9215,0.47315681103920443,0.468899795,42.33198246687935,50.163615899999996,0.015624086483894569,True,True,True,gut,4.257016039204419,-7.831633433120643,-15.612178852363478
37.946,0.47437214837661423,0.469825909,44.04500276494119,50.7257987,0.01624584006972635,True,True,True,gut,4.546239376614247,-6.680795935058811,-13.170410533247672
37.9705,0.4746939096856574,0.470269737,43.573170017602266,50.8915285,0.016061436130184594,True,True,True,gut,4.424172685657368,-7.318358482397734,-14.380307878545512
37.995,0.4750833100120178,0.470792191,42.01319236026551,50.90950419999999,0.015476429298089485,True,True,True,gut,4.291119012017786,-8.89631183973448,-17.474756392804313
38.0195,0.4755382728492538,0.470282024,44.48637321438891,53.8634334,0.01637691648253228,True,True,True,gut,5.256248849253797,-9.377060185611086,-17.408953707008003
38.044,0.47659687858275923,0.471301117,44.684456922648884,53.5732243,0.016439244146461647,True,True,True,gut,5.29576158275924,-8.888767377351115,-16.591809609172834
38.0685,0.4770361251210569,0.472855047,43.075932428071226,50.962911399999996,0.015837274951269714,True,True,True,gut,4.181078121056947,-7.8869789719287695,-15.475919164086003
38.093,0.4783701332172944,0.47473682,43.726255700438216,52.7547452,0.016066032743434877,True,True,True,gut,3.633313217294376,-9.028489499561786,-17.11408038335438
38.1175,0.47918358654603027,0.475861435,43.56818334085011,52.5764351,0.015997664218059714,True,True,True,gut,3.322151546030272,-9.008251759149886,-17.133629813463497
38.142,0.4795939204811236,0.476420894,42.256652796529785,50.7638174,0.015506120892485861,True,True,True,gut,3.1730264811236086,-8.507164603470216,-16.75832322939176
38.1665,0.4796313512966553,0.47606465,43.652012999905885,53.2189889,0.016007867272966138,True,True,True,gut,3.566701296655317,-9.566975900094114,-17.97662093519051
38.191,0.48025149592921657,0.476866378,43.59154744203159,55.724318100000005,0.015975438598490186,True,True,True,gut,3.3851179292165856,-12.132770657968415,-21.772847244528982
38.2155,0.48075831182823026,0.478766831,42.807562205718554,53.6596394,0.015678065866324222,True,True,True,gut,1.991480828230252,-10.85207719428145,-20.223910029260182
38.24,0.4819846796653854,0.478619688,42.62138517216778,50.9158159,0.015599878314588613,True,True,True,gut,3.3649916653853973,-8.294430727832221,-16.290479846424734
38.2645,0.4825290957251764,0.479265693,44.17623511572472,53.5352988,0.016158617188570725,True,True,True,gut,3.2634027251763897,-9.359063684275277,-17.48204249170134
38.289,0.4826141500276467,0.4793966,42.31585206107279,50.9817769,0.015468229269196965,True,True,True,gut,3.217550027646676,-8.66592483892721,-16.998083169845753
38.3135,0.483484923644208,0.481115374,43.388040352225445,53.8387028,0.015850017368239374,True,True,True,gut,2.369549644207991,-10.450662447774555,-19.411059153109004
38.338,0.4846865247229324,0.482209212,44.72177535141527,54.8092528,0.016326801663570104,True,True,True,gut,2.47731272293239,-10.087477448584735,-18.404697990308556
38.3625,0.4854014849880973,0.483428463,42.7873760117149,53.1925077,0.015610624834115032,True,True,True,gut,1.9730219880973454,-10.405131688285103,-19.561273078097617
38.387,0.48553979410291626,0.482686664,43.621714850327365,52.761320299999994,0.015904868990824796,True,True,True,gut,2.853130102916268,-9.13960544967263,-17.322548787075426
38.4115,0.48662923373115924,0.484216595,41.94429931320712,49.3629476,0.01528351371905022,True,True,True,gut,2.4126387311592112,-7.41864828679288,-15.028778967795839
38.436,0.48841678334287736,0.487122445,42.57125514301107,52.8304311,0.015502073956257387,True,True,True,gut,1.2943383428773436,-10.259175956988926,-19.419065382165556
38.4605,0.48802019859172424,0.486271636,43.32079392931652,53.7707574,0.015764965172874887,True,True,True,gut,1.7485625917242342,-10.449963470683478,-19.434287289179004
38.485,0.48906993323073905,0.487431976,42.69410530119773,51.2598227,0.015527014563808714,True,True,True,gut,1.6379572307390622,-8.56571739880227,-16.710392169971882
38.5095,0.48949655718058593,0.48817229,42.37271602697181,52.172151299999996,0.015400327516159117,True,True,True,gut,1.3242671805859252,-9.799435273028188,-18.782885176958743
38.534,0.4906973589406184,0.488476365,42.131385770774614,50.9712,0.015302880445975987,True,True,True,gut,2.2209939406183654,-8.83981422922539,-17.342762636989885
38.5585,0.49098036217873847,0.490167724,43.91363630573472,53.2842611,0.01594009129362582,True,True,True,gut,0.8126381787384451,-9.370624794265282,-17.58610253913286
38.583,0.49222558306320036,0.489922288,41.81974488497437,48.1724858,0.015170396105352391,True,True,True,gut,2.3032950632003724,-6.3527409150256275,-13.187488271625849
38.6075,0.4919904635077565,0.49076925,42.63403378232927,49.630673200000004,0.01545597046677195,True,True,True,gut,1.2212135077565023,-6.996639417670735,-14.097409860784913
38.632,0.49267587067269003,0.4916062,41.37791821962643,49.5434055,0.014991081970944406,True,True,True,gut,1.0696706726900373,-8.165487280373569,-16.48148163810332
38.6565,0.49335997397411047,0.492126339,40.49867738828405,47.6620657,0.01466323667845563,True,True,True,gut,1.2336349741104424,-7.1633883117159485,-15.029538075006155
38.681,0.4943175822593724,0.493463252,42.13491497356879,47.1465216,0.015246001672449145,True,True,True,gut,0.8543302593723712,-5.01160662643121,-10.629854454482619
38.7055,0.49460574224613296,0.495113649,40.274599509082144,47.046177,0.014563644954250244,True,True,True,gut,-0.5079067538670268,-6.771577490917856,-14.39347025140397
38.73,0.49615935943771294,0.495768427,40.164813664367294,43.9677205,0.01451475781571517,True,True,True,gut,0.39093243771293196,-3.8029068356327045,-8.649315435019437
38.7545,0.4964300149240417,0.496881576,41.40046724203961,47.7605122,0.014951839924201876,True,True,True,gut,-0.45156107595828443,-6.36004495796039,-13.316534235075455
38.779,0.4960430752267476,0.495345317,40.941037231566405,47.535225100000005,0.014776574573376729,True,True,True,gut,0.6977582267476135,-6.5941878684336,-13.87221340503045
38.8035,0.49771397335606005,0.499790787,40.83562114733754,48.3304441,0.014729221746620879,True,True,True,gut,-2.0768136439399676,-7.49482295266246,-15.50745723990246
38.828,0.49718056409626254,0.497494943,39.82870356588364,46.574939,0.014356966388583022,True,True,True,gut,-0.3143789037374778,-6.7462354341163575,-14.484689790181706
38.8525,0.49969440745192767,0.498990149,41.62881367802456,50.7281203,0.014996385637803599,True,True,True,gut,0.7042584519276751,-9.099306621975444,-17.937401520425436
38.877,0.4990298761543854,0.498786254,39.705122800369466,46.024501199999996,0.014294380334679063,True,True,True,gut,0.24362215438539225,-6.31937839963053,-13.730465805961915
38.9015,0.49891838684279205,0.499276467,39.64345832440647,46.7147983,0.014263191731973225,True,True,True,gut,-0.3580801572079517,-7.071339975593531,-15.137258926350821
38.926,0.5009664990477775,0.501719919,39.063719784046434,46.0380004,0.014045763514016965,True,True,True,gut,-0.753419952222556,-6.9742806159535675,-15.148965105690316
38.9505,0.5013803749787835,0.501206767,39.359439127750065,46.9469047,0.014143190739938413,True,True,True,gut,0.17360797878351875,-7.587465572249933,-16.16180155163655
38.975,0.5029211635869848,0.502980418,38.556030926093186,42.085138,0.0138457896840293,True,True,True,gut,-0.0592544130152417,-3.5291070739068147,-8.385637404603056
38.9995,0.5029714906453103,0.502643254,39.17231339213244,45.5740645,0.014058264677363024,True,True,True,gut,0.32823664531034247,-6.401751107867561,-14.046917206314923
39.024,0.5031663632359429,0.502797898,38.785446223875205,43.8256188,0.013910685876303007,True,True,True,gut,0.36846523594291636,-5.040172576124796,-11.500516625049446
39.0485,0.5053977707355714,0.505819124,38.64642288447091,42.4877768,0.013852127506191607,True,True,True,gut,-0.4213532644286033,-3.8413539155290906,-9.041080058415979
39.073,0.5046462444685031,0.504652023,38.10146337497676,42.7560413,0.013648233157058005,True,True,True,gut,-0.005778531496858363,-4.65457792502324,-10.886363151265924
39.0975,0.5063511501137077,0.506047932,37.76272133211374,41.7689236,0.013518416715666372,True,True,True,gut,0.3032181137077039,-4.006202267886259,-9.591346682168892
39.122,0.5066280904756223,0.505816651,38.88593357397263,43.368128399999996,0.013911790072149962,True,True,True,gut,0.8114394756223442,-4.482194826027367,-10.335227715354597
39.1465,0.5074874119898708,0.506547786,38.660296981000364,41.7633919,0.013822410334996357,True,True,True,gut,0.9396259898707404,-3.1030949189996377,-7.430179345657118
39.171,0.5081456520286176,0.506802969,38.756658608408955,41.417616900000006,0.013848196040933613,True,True,True,gut,1.3426830286176195,-2.660958291591051,-6.424701590185046
39.1955,0.5076291832699799,0.50644443,38.07863095289871,41.30576670000001,0.013597424346510274,True,True,True,gut,1.1847532699799102,-3.2271357471012934,-7.812797110242946
39.22,0.5092359331651228,0.5072451,39.115736900987756,39.4034256,0.01395903709476414,True,True,True,gut,1.9908331651228295,-0.2876886990122429,-0.7301108840959324
39.2445,0.5100501526068378,0.508100161,39.27845424722749,40.7798138,0.014008354462188687,True,True,True,gut,1.949991606837842,-1.501359552772513,-3.6816243451619513
39.269,0.5086924083358039,0.507164934,39.305609665328475,40.903347800000006,0.014009293350344542,True,True,True,gut,1.5274743358039133,-1.5977381346715305,-3.9061304773481895
39.2935,0.5099653090425155,0.509634275,38.09305091513016,38.3122615,0.01356864802822674,True,True,True,gut,0.33103404251544344,-0.2192105848698347,-0.5721682205312644
39.318,0.5089540339909967,0.507811728,39.10945704364024,38.4779707,0.013922008760236946,True,True,True,gut,1.1423059909967392,0.6314863436402405,1.6411633257994047
39.3425,0.5112288417825974,0.510116884,38.942881110545855,39.8417535,0.013854078995323732,True,True,True,gut,1.111957782597428,-0.8988723894541479,-2.256106497557011
39.367,0.5100694425396743,0.508839244,38.31935169198412,38.6988893,0.013623772001959498,True,True,True,gut,1.230198539674321,-0.3795376080158803,-0.9807454810230957
39.3915,0.5114892882520861,0.509363053,38.732683555457285,40.7135597,0.01376216001943917,True,True,True,gut,2.126235252086106,-1.9808761445427123,-4.865396588111927
39.416,0.5117660834214609,0.51154833,37.23324209793776,37.9117135,0.01322116847184225,True,True,True,gut,0.21775342146090892,-0.678471402062236,-1.789608908239497
39.4405,0.5117434333180525,0.512392041,37.537779726966264,37.448655800000004,0.013321026856578377,True,True,True,gut,-0.6486076819475217,0.08912392696625915,0.23798965560269625
39.465,0.5142601674435457,0.513595639,38.35034658331691,38.937297900000004,0.0136009335991959,True,True,True,gut,0.6645284435456977,-0.5869513166830913,-1.5074269359689985
39.4895,0.5126028142646187,0.511468867,38.34661554402371,37.2228744,0.013591172943501956,True,True,True,gut,1.1339472646186843,1.123741144023711,3.0189531629070294
39.514,0.5134909568863097,0.512556419,36.99828652011742,36.0410149,0.013105154645640764,True,True,True,gut,0.9345378863097054,0.9572716201174174,2.6560617751011706
39.5385,0.5145228279744061,0.513325262,37.86895324068547,37.7049914,0.013405241608914688,True,True,True,gut,1.197565974406123,0.1639618406854737,0.43485447044943154
39.563,0.5143405496294513,0.51329202,38.55843465576403,39.890644599999995,0.0136408587853372,True,True,True,gut,1.0485296294513446,-1.332209944235963,-3.339655093555352
39.5875,0.5161117471437435,0.514223792,39.45701320373468,38.2958902,0.013950111059897685,True,True,True,gut,1.8879551437435138,1.16112300373468,3.0319780991399434
39.612,0.5165150594289287,0.514805659,38.74110805088792,39.630368399999995,0.013688529680584675,True,True,True,gut,1.7094004289287534,-0.8892603491120781,-2.243886153508677
39.6365,0.5177375377313003,0.516779751,38.83019069340832,38.780792,0.013711524988138516,True,True,True,gut,0.9577867313003141,0.04939869340832104,0.12737927943380073
39.661,0.51650469135727,0.516173691,37.5556987038178,37.3408079,0.01325329059090923,True,True,True,gut,0.3310003572699616,0.21489080381779502,0.5754851485626132
39.6855,0.5182703449497411,0.517178086,38.328982289684305,37.9312465,0.013517829549974542,True,True,True,gut,1.0922589497410762,0.39773578968430456,1.0485703117726557
39.71,0.5178791832333594,0.516082991,38.66162921703355,37.369873999999996,0.013626734638146044,True,True,True,gut,1.7961922333593616,1.291755217033554,3.456675334344328
39.7345,0.5201176262624659,0.519761236,38.33350144501026,36.3893153,0.013502751407728797,True,True,True,gut,0.3563902624659221,1.9441861450102635,5.342739012762528
39.759,0.5192727884505823,0.517579877,39.14255226287512,38.584007500000006,0.013779238643575152,True,True,True,gut,1.6929114505823684,0.5585447628751155,1.4476069207562625
39.7835,0.5212169741975902,0.519718774,39.70402259458104,38.5933659,0.013968283975055326,True,True,True,gut,1.4982001975901715,1.1106566945810386,2.8778435585506643
39.808,0.5209129861722676,0.519139033,40.12041946700994,41.277210000000004,0.014106089684041248,True,True,True,gut,1.7739531722675839,-1.1567905329900654,-2.8024920603647034
39.8325,0.5215318404892908,0.521262084,39.7496408500052,39.5711184,0.013967130102265177,True,True,True,gut,0.26975648929083995,0.17852245000519673,0.4511433015378123
39.857,0.5225000167986207,0.52227892,40.119921071100904,39.0644588,0.014088572709212729,True,True,True,gut,0.2210967986207013,1.0554622711009074,2.701847929097401
39.8815,0.5221211978706913,0.521493502,40.85844064221371,40.2632743,0.014339098160420328,True,True,True,gut,0.627695870691336,0.5951663422137088,1.4781866417001976
39.906,0.5235679995383387,0.52264502,41.27815704528826,39.6789348,0.014477502051559203,True,True,True,gut,0.9229795383386419,1.59922224528826,4.030406192477375
39.9305,0.5245515428286563,0.523679879,40.365727935103706,38.4497872,0.01414879892685418,True,True,True,gut,0.8716638286563327,1.9159407351037032,4.982968371548498
39.955,0.5251747053254743,0.523344061,43.19095354606691,41.8954666,0.015129800155767387,True,True,True,gut,1.8306443254743066,1.2954869460669087,3.092188848105367
39.9795,0.5263073309195796,0.524827763,42.69551940388827,42.5210442,0.014947084070981678,True,True,True,gut,1.479567919579594,0.17447520388827087,0.41032671509104396
40.004,0.525135116832224,0.523367834,40.99950622982603,40.2415615,0.014344543840673084,True,True,True,gut,1.7672828322240486,0.7579447298260291,1.883487373684615
40.0285,0.5267572851148518,0.525435123,41.75206824716667,41.665291200000006,0.014598902635198035,True,True,True,gut,1.3221621148518103,0.08677704716666312,0.20827178850165604
40.053,0.5278263726456692,0.525808463,43.44848736397303,44.3951335,0.015182774614152012,True,True,True,gut,2.01790964566928,-0.9466461360269705,-2.132319606668083
40.0775,0.5287093924236435,0.526295933,44.086604035987506,41.0694959,0.015396342308412676,True,True,True,gut,2.4134594236434603,3.017108135987506,7.34634811036847
40.102,0.5285612293384454,0.527082061,44.38410517388223,44.1648081,0.01549076873130256,True,True,True,gut,1.4791683384454135,0.21929707388223108,0.4965425716006475
40.1265,0.5293225958207027,0.527349409,44.10397993022618,45.0796797,0.015383602012069479,True,True,True,gut,1.9731868207026881,-0.9756997697738186,-2.1643893130274807
40.151,0.5292813029236795,0.528380315,43.735160015449196,43.2098012,0.015245647985594947,True,True,True,gut,0.9009879236794305,0.525358815449195,1.2158325214631978
40.1755,0.5308813878698213,0.530082328,44.585411658609935,44.1658656,0.015532559458672334,True,True,True,gut,0.7990598698213169,0.41954605860993865,0.9499328336722075
40.2,0.5323045122330925,0.530336359,45.41426835655296,45.0520268,0.015811672236326207,True,True,True,gut,1.9681532330925178,0.3622415565529593,0.8040516315970924
40.2245,0.531862824448891,0.531197055,44.01153901089252,44.4518012,0.01531395742364488,True,True,True,gut,0.6657694488909627,-0.4402621891074787,-0.9904259832500977
40.249,0.533283056120873,0.532427761,45.13616172902202,45.3609024,0.015695713568552268,True,True,True,gut,0.855295120873012,-0.22474067097797956,-0.4954501764452984
40.2735,0.5336677342229706,0.532345415,46.21172674524654,47.8781086,0.01605995622038396,True,True,True,gut,1.3223192229706582,-1.6663818547534603,-3.4804671769207283
40.298,0.5333770435162212,0.532704671,46.62094682764097,47.983680799999995,0.01619232198498921,True,True,True,gut,0.6723725162212091,-1.362733972359024,-2.839994659932433
40.3225,0.5357348724645337,0.535070492,45.435627390574155,46.671135199999995,0.015771050162372253,True,True,True,gut,0.6643804645336537,-1.2355078094258403,-2.647263247682564
40.347,0.5363255388961344,0.535340977,47.09660855499093,48.5918325,0.016337662512649755,True,True,True,gut,0.9845618961343838,-1.495223945009073,-3.077109604806678
40.3715,0.5368776406992039,0.537177703,46.65022754056126,47.2634065,0.01617299360641248,True,True,True,gut,-0.3000623007961556,-0.6131789594387413,-1.297365139008212
40.396,0.537401424264886,0.536738566,46.961782233846854,48.6682945,0.016271130982824077,True,True,True,gut,0.6628582648859904,-1.7065122661531476,-3.5064147689686296
40.4205,0.5389412072632539,0.537342526,46.869491263874096,48.2757066,0.016229311368247387,True,True,True,gut,1.5986812632539094,-1.4062153361259035,-2.912884005567106
40.445,0.5390380247489982,0.538664352,48.13191270209611,49.6699978,0.01665634911195387,True,True,True,gut,0.3736727489982439,-1.5380850979038883,-3.096607944492175
40.4695,0.5403010670137977,0.540026397,46.9534630889437,48.707776,0.016238702489340538,True,True,True,gut,0.2746700137976621,-1.754312911056303,-3.6017101479983458
40.494,0.5407729204626737,0.539808605,48.68926645490908,50.8648793,0.01682883635793361,True,True,True,gut,0.964315462673615,-2.1756128450909173,-4.277239767461548
40.5185,0.5417304650644261,0.541616921,48.05375233626457,49.926882899999995,0.01659913590601411,True,True,True,gut,0.11354406442609655,-1.8731305637354225,-3.751747465362839
40.543,0.5426250424404258,0.542389704,48.892583954572636,51.846177700000005,0.016878686357817335,True,True,True,gut,0.23533844042578078,-2.9535937454273693,-5.696839914637273
40.5675,0.5429493066596097,0.543198642,48.89842995617044,51.4803942,0.01687050972022673,True,True,True,gut,-0.2493353403902887,-2.5819642438295602,-5.0154321542269
40.592,0.5444454274609334,0.545143112,48.17044295924329,52.0424463,0.016609315105187882,True,True,True,gut,-0.6976845390666009,-3.872003340756713,-7.440087113577351
40.6165,0.5453058575056189,0.545297511,48.55747696011229,50.8812643,0.016732666316099525,True,True,True,gut,0.008346505618872513,-2.3237873398877085,-4.567078613036172
40.641,0.5452229826464438,0.5455126,48.4665526103755,49.758699,0.01669126601110965,True,True,True,gut,-0.2896173535562596,-1.2921463896244987,-2.596825109162317
40.6655,0.5458300113977776,0.546756588,48.174787508718964,50.7504155,0.01658079025533738,True,True,True,gut,-0.9265766022223954,-2.5756279912810385,-5.075087496142841
40.69,0.5476962952792062,0.547974336,48.35134971476503,51.6349247,0.016631539297424683,True,True,True,gut,-0.27804072079384845,-3.2835749852349707,-6.359213273404794
40.7145,0.5485755813982166,0.549683669,48.676108491448474,50.0410996,0.016733172147480536,True,True,True,gut,-1.1080876017833807,-1.3649911085515285,-2.7277400366148794
40.739,0.5488177749836225,0.550289719,48.10293619094366,51.7131782,0.01652619056641653,True,True,True,gut,-1.4719440163775133,-3.6102420090563427,-6.981280467995569
40.7635,0.5498832660628914,0.550413229,49.0141832229599,52.3965905,0.016829136706868315,True,True,True,gut,-0.5299629371086079,-3.3824072770401017,-6.455395751447036
40.788,0.549836969215518,0.550655851,49.45849863281862,52.4714555,0.016971493121984187,True,True,True,gut,-0.8188817844820839,-3.01295686718138,-5.74208746159401
40.8125,0.550358543987155,0.551861223,49.12003267194701,52.2085767,0.016845231460109182,True,True,True,gut,-1.502679012844954,-3.0885440280529934,-5.915779021903489
40.837,0.5523717486597468,0.553284376,49.17696352376106,53.7570988,0.016854637390420528,True,True,True,gut,-0.9126273402532137,-4.580135276238941,-8.52005665945451
40.8615,0.5528796279078668,0.553269825,48.58605000735142,51.9536473,0.016642126617863517,True,True,True,gut,-0.390197092133171,-3.3675972926485827,-6.481926616629632
40.886,0.5532246577990718,0.554399714,47.83353632697351,50.1064825,0.01637455097101849,True,True,True,gut,-1.1750562009281706,-2.27294617302649,-4.536231760085116
40.9105,0.5540844131047828,0.555200237,47.963776310378094,49.8237484,0.01640930229917453,True,True,True,gut,-1.1158238952171384,-1.8599720896219054,-3.7331034885000856
40.935,0.5551928706252279,0.556397378,47.96763346695849,50.5697965,0.016400799985798672,True,True,True,gut,-1.204507374772068,-2.6021630330415135,-5.145686186499709
40.9595,0.55514513133901,0.556063394,47.9621724556486,50.878252800000006,0.01638912373849119,True,True,True,gut,-0.9182626609900435,-2.916080344351407,-5.731486802061345
40.984,0.5568172211694742,0.558207558,47.40460926033409,50.046079999999996,0.016188915740605776,True,True,True,gut,-1.3903368305258068,-2.6414707396659054,-5.278077203381175
41.0085,0.556597811921635,0.558077569,48.45960930560199,53.3225156,0.016539316526163403,True,True,True,gut,-1.4797570783650071,-4.862906294398016,-9.119799093645941
41.033,0.5575348648547891,0.558864434,48.584361578388084,51.6983456,0.016571993886152308,True,True,True,gut,-1.3295691452108738,-3.1139840216119197,-6.0233726736739515
41.0575,0.5584603608372022,0.560643775,48.39342398015698,51.6082709,0.016497015544943126,True,True,True,gut,-2.18341416279777,-3.214846919843019,-6.2293249972903455
41.082,0.5594454591057437,0.559880874,49.758305116856825,52.0973566,0.01695217921342884,True,True,True,gut,-0.43541489425624746,-2.339051483143173,-4.489769991791048
41.1065,0.5594566439063053,0.560877822,47.989712384095284,50.239787,0.016339891972097547,True,True,True,gut,-1.421178093694686,-2.2500746159047154,-4.478670691626769
41.131,0.5608604173488505,0.562585954,49.16022308575508,51.1815329,0.016728465727596963,True,True,True,gut,-1.7255366511494952,-2.0213098142449226,-3.9492951846405577
41.1555,0.5609058984491626,0.562414569,48.45070652625944,51.0814015,0.01647721340483788,True,True,True,gut,-1.5086705508373655,-2.6306949737405603,-5.150005474576809
41.18,0.5607897425663226,0.562734907,47.61615170051057,49.5892307,0.0161837620816388,True,True,True,gut,-1.9451644336773155,-1.9730789994894309,-3.9788457526715186
41.2045,0.5616053241413738,0.563560744,47.401754130666546,50.655684300000004,0.01610131324536911,True,True,True,gut,-1.9554198586262395,-3.253930169333458,-6.423622964132887
41.229,0.5625014848773059,0.564630692,47.487995906310175,50.6996812,0.016121022160013126,True,True,True,gut,-2.1292071226941545,-3.2116852936898255,-6.334724829965648
41.2535,0.5633614113516495,0.56560507,47.80757863176731,50.7736321,0.016219874210448994,True,True,True,gut,-2.2436586483505216,-2.966053468232687,-5.841720092805192
41.278,0.5630979548028121,0.565499693,45.526371006439305,48.5574874,0.015436751781749766,True,True,True,gut,-2.4017381971879193,-3.031116393560694,-6.242325449402668
41.3025,0.5643055446769486,0.566325592,47.06032679792722,50.448608,0.01594740901976863,True,True,True,gut,-2.0200473230513882,-3.3882812020727826,-6.716302662053197
41.327,0.5644750076677918,0.566766416,46.101463743180155,48.6993339,0.015613216029626635,True,True,True,gut,-2.2914083322082,-2.5978701568198446,-5.334508603658426
41.3515,0.5657850647409488,0.568031696,45.512388671192525,50.0858972,0.01540458120885711,True,True,True,gut,-2.246631259051224,-4.573508528807473,-9.131329944125415
41.376,0.5666032162101592,0.568777365,45.65084455735865,47.6608691,0.015442295107184461,True,True,True,gut,-2.1741487898407907,-2.0100245426413466,-4.217347649334717
41.4005,0.5675165157544226,0.570582162,45.79034860283231,48.8182022,0.01548031871948607,True,True,True,gut,-3.065646245577369,-3.0278535971676916,-6.202304592789145
41.425,0.5675458776351465,0.57028601,44.644127265853044,49.5422924,0.01508388993489291,True,True,True,gut,-2.740132364853487,-4.898165134146957,-9.886835866615968
41.4495,0.5686851500751361,0.571134364,44.797533237514884,48.9624777,0.015126774704358066,True,True,True,gut,-2.449213924863858,-4.164944462485117,-8.506400529818606
41.474,0.5686069540446332,0.571997882,43.583859423113424,47.8888094,0.01470825992474854,True,True,True,gut,-3.3909279553667737,-4.304949976886576,-8.98946962938397
41.4985,0.5711244807530926,0.573552654,43.12531122215645,48.25409809999999,0.01454492136292876,True,True,True,gut,-2.4281732469073614,-5.128786877843545,-10.628707363289308
41.523,0.5706570047276438,0.573612253,43.97416995023567,48.108213,0.014822465955280176,True,True,True,gut,-2.955248272356159,-4.13404304976433,-8.59321681677166
41.5475,0.5715075753153911,0.574119512,44.10870760600974,49.2970462,0.014859047496133137,True,True,True,gut,-2.6119366846089065,-5.1883385939902595,-10.524643957248415
41.572,0.5730342537937101,0.575888272,43.39039170626844,48.683614,0.014608451615634961,True,True,True,gut,-2.8540182062899433,-5.29322229373156,-10.872697934322542
41.5965,0.5731186441971914,0.575582157,43.983656699435436,47.9091355,0.014799467088015267,True,True,True,gut,-2.463512802808654,-3.925478800564562,-8.193591388357577
41.621,0.5729851672932006,0.575786256,43.04860186997143,47.5280819,0.014476316674197456,True,True,True,gut,-2.801088706799404,-4.479480030028569,-9.424912285443122
41.6455,0.5748982844525263,0.578064746,42.42218876433312,48.1590337,0.014257274976497357,True,True,True,gut,-3.166461547473687,-5.7368449356668805,-11.912292450475144
41.67,0.5752940333929734,0.578188943,43.92896788884317,50.8565126,0.014754993874198373,True,True,True,gut,-2.8949096070266522,-6.927544711156834,-13.621745489400375
41.6945,0.575329676989336,0.578390317,42.922948100239,48.6311293,0.014408617332199183,True,True,True,gut,-3.060640010663973,-5.708181199761,-11.73771056096162
41.719,0.5772123741470818,0.579255714,43.02217773849883,48.6226038,0.014433446096028963,True,True,True,gut,-2.043339852918158,-5.600426061501167,-11.518153335714956
41.7435,0.5774419214452149,0.580061647,43.835728699102816,51.596870599999995,0.014697751654743846,True,True,True,gut,-2.6197255547850684,-7.761141900897179,-15.041884925666752
41.768,0.5773477042426584,0.580028209,42.570140339351916,49.7246014,0.014265038103754794,True,True,True,gut,-2.6805047573416063,-7.154461060648082,-14.38817176852841
41.7925,0.5786785574533853,0.58074082,43.47490011526936,50.222037300000004,0.014559678194830075,True,True,True,gut,-2.0622625466147904,-6.747137184730647,-13.434614658156544
41.817,0.5802314743448368,0.582944628,43.290819036555256,51.0403949,0.014489535525984127,True,True,True,gut,-2.713153655163225,-7.749575863444747,-15.183220816821594
41.8415,0.5800140179170145,0.582475462,42.35001094367134,50.4786731,0.014166345053981514,True,True,True,gut,-2.461444082985542,-8.128662156328659,-16.103161309778287
41.866,0.5808834298463948,0.583116921,43.650707581638464,52.5732135,0.01459289149476511,True,True,True,gut,-2.2334911536051605,-8.922505918361537,-16.971581770175675
41.8905,0.5821627393414298,0.584683633,43.377189605248894,50.73564,0.01449297026116955,True,True,True,gut,-2.5208936585702224,-7.358450394751102,-14.503513496136252
41.915,0.5826947634229043,0.58595754,43.58822002146802,52.710280499999996,0.014554966100959014,True,True,True,gut,-3.2627765770957273,-9.122060478531978,-17.306036682032033
41.9395,0.5835965509867269,0.585109192,43.50593387853802,50.604775599999996,0.014519002541987827,True,True,True,gut,-1.512641013273086,-7.098841721461973,-14.028007509753632
41.964,0.5848385628954936,0.587074849,44.185434194953295,51.70145,0.014737159469502735,True,True,True,gut,-2.2362861045063243,-7.516015805046706,-14.537340451857164
41.9885,0.5850461894847241,0.586450347,42.72892633122831,52.6263062,0.014243055102080598,True,True,True,gut,-1.4041575152758945,-9.897379868771694,-18.806905867871254
42.013,0.58560715241625,0.587533574,43.87937120572397,53.4782797,0.01461800936406512,True,True,True,gut,-1.9264215837498933,-9.598908494276031,-17.949172165080004
42.0375,0.5868169428447687,0.589064419,44.60291686668297,55.7115588,0.014850391905129648,True,True,True,gut,-2.247476155231243,-11.108641933317031,-19.939564019732707
42.062,0.5876093834913373,0.589010977,45.4682238383714,56.2331747,0.015129675194711398,True,True,True,gut,-1.4015935086627573,-10.764950861628598,-19.143416531360444
42.0865,0.5876223235831124,0.588820738,46.04891613119524,56.5980813,0.015313982146478868,True,True,True,gut,-1.1984144168876165,-10.549165168804755,-18.63873284482659
42.111,0.589579471759533,0.590881859,45.060917807139454,53.7096302,0.014976695947837758,True,True,True,gut,-1.3023872404670511,-8.648712392860546,-16.102721915334552
42.1355,0.5898515152650948,0.591355835,44.82689462443169,54.7552295,0.01489025162325098,True,True,True,gut,-1.5043197349051685,-9.92833487556831,-18.132213062075305
42.16,0.5909786325011179,0.592083336,46.068225279410896,57.306202299999995,0.015293694619921293,True,True,True,gut,-1.1047034988820315,-11.2379770205891,-19.610402660706587
42.1845,0.5920703464234389,0.592808205,45.454031251481354,56.1173432,0.015081031068696786,True,True,True,gut,-0.7378585765610568,-10.663311948518647,-19.00181181157316
42.209,0.5922826821918142,0.594292966,44.852982317361416,54.4896082,0.014872973228737402,True,True,True,gut,-2.0102838081857977,-9.636625882638583,-17.685254493422075
42.2335,0.592798969140284,0.5953674,46.32958245568407,55.8723318,0.015353692784946612,True,True,True,gut,-2.568430859716031,-9.54274934431593,-17.07956163074606
42.258,0.5952101868914967,0.596537696,46.017958947228074,61.428142900000005,0.015241578524260065,True,True,True,gut,-1.327509108503211,-15.41018395277193,-25.086520974365854
42.2825,0.5944964826282092,0.595957387,46.88716755585062,60.1545675,0.015520470215158991,True,True,True,gut,-1.4609043717908055,-13.267399944149382,-22.05551547544479
42.307,0.5959652484300793,0.597724594,45.75776719368198,56.6367896,0.01513784758463075,True,True,True,gut,-1.759345569920745,-10.879022406318022,-19.2084023179132
42.3315,0.5952756920573156,0.596104007,44.49279888316709,56.878442899999996,0.014710844440707005,True,True,True,gut,-0.8283149426844272,-12.385644016832906,-21.77563833561433
42.356,0.5974219006230761,0.597639704,47.72305511103531,58.961909999999996,0.01576975089340373,True,True,True,gut,-0.2178033769238974,-11.238854888964688,-19.061212380950156
42.3805,0.5982363578018485,0.599895958,43.82976633481457,52.5839084,0.014474868052259227,True,True,True,gut,-1.6596001981514785,-8.754142065185427,-16.64794864351587
42.405,0.5997551581609999,0.601113787,46.64830195011113,58.0695465,0.015396794254113394,True,True,True,gut,-1.3586288390000645,-11.421244549888868,-19.668217229643542
42.4295,0.5994145310919476,0.599439699,44.220133649534766,53.8769188,0.014586922354587745,True,True,True,gut,-0.025167908052403654,-9.656785150465232,-17.923788823768504
42.454,0.6011220427576727,0.601199373,45.66828755817514,54.867236,0.015055932040958718,True,True,True,gut,-0.07733024232736696,-9.19894844182486,-16.76583169202265
42.4785,0.6023212908153426,0.601739646,48.20575200525132,55.7382242,0.0158833177444231,True,True,True,gut,0.581644815342619,-7.532472194748678,-13.514015386856688
42.503,0.6027772004916727,0.603849075,46.95020461453741,54.7203765,0.01546071016131639,True,True,True,gut,-1.0718745083272418,-7.770171885462588,-14.199777820356532
42.5275,0.6034624933807748,0.605365119,45.554352138306356,56.6524418,0.01499241363406047,True,True,True,gut,-1.9026256192251623,-11.098089661693642,-19.58978167414779
42.552,0.6050542740823146,0.605692086,48.232792863618,59.0406277,0.01586477682091771,True,True,True,gut,-0.6378119176854158,-10.807834836382,-18.305758690946302
42.5765,0.604947796504615,0.605395454,47.402351490698734,57.7268229,0.01558265527735117,True,True,True,gut,-0.447657495385001,-10.324471409301267,-17.885050468109633
42.601,0.605702824867788,0.605231489,50.16590684961669,64.8604256,0.016481639401367425,True,True,True,gut,0.4713358677880253,-14.69451875038331,-22.655600259248544
42.6255,0.6066132319892781,0.605995127,46.795041974912984,55.8440928,0.015365329900552225,True,True,True,gut,0.6181049892780566,-9.049050825087015,-16.204132561514214
42.65,0.6085651846079841,0.608470375,49.303656217511474,62.583515899999995,0.01617974323767951,True,True,True,gut,0.09480960798413651,-13.279859682488521,-21.21942094737525
42.6745,0.6077895697726483,0.608234232,49.01507181313263,62.043573800000004,0.01607580524847718,True,True,True,gut,-0.4446622273517331,-13.028501986867376,-20.998954748908055
42.699,0.6106938619033415,0.610295806,48.175924970292776,59.2686025,0.01579151845053103,True,True,True,gut,0.39805590334152097,-11.092677529707224,-18.715942441374796
42.7235,0.6109427090465295,0.609452617,51.16936625136581,63.927211299999996,0.01676311593658162,True,True,True,gut,1.490092046529501,-12.757845048634188,-19.956830259283013
42.748,0.6111741813675019,0.609756857,48.928322279491724,60.6016515,0.01601976193867473,True,True,True,gut,1.4173243675018599,-11.673329220508279,-19.262394557858343
42.7725,0.6133790464623647,0.611904676,51.13219374022887,62.28180819999999,0.016731748393137284,True,True,True,gut,1.4743704623647602,-11.149614459771122,-17.901879829768852
42.797,0.6140039722541858,0.611757849,49.541596602328354,66.6185929,0.016201984274485413,True,True,True,gut,2.246123254185828,-17.07699629767164,-25.63397927558395
42.8215,0.615125215343242,0.61312478,51.14107512972976,62.33051450000001,0.016715505394448296,True,True,True,gut,2.000435343242013,-11.18943937027025,-17.9517840660055
42.846,0.6158984398178937,0.614817983,53.28126011686111,65.5087583,0.017405068560778548,True,True,True,gut,1.0804568178937046,-12.227498183138884,-18.665440317373385
42.8705,0.6179939641515768,0.615587618,52.8084438220907,64.40036590000001,0.01724075797762307,True,True,True,gut,2.406346151576866,-11.59192207790931,-17.99977673404695
42.895,0.6167277607814007,0.613197002,52.87081037909048,65.4224057,0.017251260344744446,True,True,True,gut,3.5307587814006336,-12.55159532090952,-19.18546893317547
42.9195,0.6171365838185173,0.615629236,50.73454411543984,63.1348724,0.016544766518593407,True,True,True,gut,1.5073478185173572,-12.40032828456016,-19.64101266570416
42.944,0.6199031119177817,0.616866235,52.5893807397535,63.92248490000001,0.017139853165074718,True,True,True,gut,3.03687691778165,-11.333104160246506,-17.72944868769722
42.9685,0.6204609387845109,0.617648408,52.81846667900688,65.8954882,0.017204701054031064,True,True,True,gut,2.812530784510936,-13.07702152099312,-19.84509391796739
42.993,0.6198844275144875,0.617278391,49.615787065258175,58.519228399999996,0.01615227383264426,True,True,True,gut,2.606036514487431,-8.90344133474182,-15.21455695533713
43.0175,0.6219620337998738,0.620516679,51.47864926868111,61.9042861,0.01674917846420898,True,True,True,gut,1.4453547998738436,-10.42563683131889,-16.841542788293122
43.042,0.6216157105773863,0.61965233,51.34291533715773,60.4969897,0.016695507161173,True,True,True,gut,1.96338057738632,-9.154074362842273,-15.131454322333452
43.0665,0.6251783509537325,0.62143314,54.79835329041974,63.376049800000004,0.017808997137359624,True,True,True,gut,3.7452109537324807,-8.577696509580264,-13.534602640349894
43.091,0.6247367895056813,0.620771039,53.53547993068789,67.49328129999999,0.017388681867193154,True,True,True,gut,3.9657505056813758,-13.9578013693121,-20.680282689578025
43.1155,0.6251202008049986,0.621620753,53.90171511460831,62.1120489,0.017497688944363828,True,True,True,gut,3.4994478049986677,-8.21033378539169,-13.218584688150079
43.14,0.6257835680345473,0.621016398,54.31543059587554,61.5355197,0.01762197660857506,True,True,True,gut,4.767170034547297,-7.220089104124462,-11.733205698634022
43.1645,0.6284526329448655,0.622043195,54.73308461849294,61.3184977,0.017747400268660563,True,True,True,gut,6.4094379448654815,-6.585413081507063,-10.739684317978753
43.189,0.630315924420712,0.625011179,56.25657155518249,63.937944699999996,0.01823104853625872,True,True,True,gut,5.30474542071202,-7.681373144817506,-12.013794282657802
43.2135,0.6298027379004262,0.623401949,55.15580572348205,61.750454500000004,0.017864189825524405,True,True,True,gut,6.400788900426169,-6.594648776517957,-10.679514555666884
43.238,0.6302863391692762,0.624382505,55.28777706618414,60.455764699999996,0.01789678686024866,True,True,True,gut,5.903834169276201,-5.167987633815855,-8.548378569787333
43.2625,0.6322841453822826,0.625652771,56.67219811024582,63.409143900000004,0.018334538371630047,True,True,True,gut,6.631374382282562,-6.736945789754181,-10.624565126409442
43.287,0.6311206087442358,0.623386561,59.01185159494122,65.5666492,0.019080655382910386,True,True,True,gut,7.734047744235806,-6.554797605058781,-9.997152035426542
43.3115,0.6327457198385905,0.62677302,56.08751333551349,60.769708200000004,0.018124853098601627,True,True,True,gut,5.972699838590501,-4.682194864486512,-7.70481709255025
43.336,0.6342757645711243,0.627468746,58.886193082547535,64.2911102,0.019018496913448396,True,True,True,gut,6.8070185711243125,-5.40491711745247,-8.406943200449616
43.3605,0.6349573596342203,0.627501811,59.73819529115052,64.169391,0.01928276689259092,True,True,True,gut,7.455548634220266,-4.431195708849486,-6.905466359887202
43.385,0.6356225021811788,0.627614398,58.90287678115908,64.9453898,0.019002399247978554,True,True,True,gut,8.00810418117881,-6.042513018840921,-9.30399068732808
43.4095,0.6361980639562614,0.629526666,60.16362413664704,64.8734759,0.01939816906839003,True,True,True,gut,6.671397956261482,-4.709851763352965,-7.260057670738998
43.434,0.6359499312558222,0.629446211,58.80733326737514,58.7425461,0.018950173618634186,True,True,True,gut,6.503720255822243,0.0647871673751439,0.11029002260959864
43.4585,0.6367529274550058,0.630567097,58.95561771504235,61.391042899999995,0.018987246830948823,True,True,True,gut,6.185830455005759,-2.4354251849576443,-3.967069249702621
43.483,0.6361806632258445,0.62999879,58.07217779896634,60.3371537,0.018692188325173283,True,True,True,gut,6.181873225844514,-2.264975901033665,-3.753866004842163
43.5075,0.6374979193012597,0.631976711,56.932489348756086,59.9576943,0.018315027667270705,True,True,True,gut,5.5212083012596835,-3.0252049512439143,-5.045565855329954
43.532,0.6374355497652414,0.631932694,55.00172231239661,57.7607327,0.017683946932413857,True,True,True,gut,5.5028557652414545,-2.7590103876033893,-4.776619441330926
43.5565,0.6385306495132017,0.632038813,56.76322560877728,58.7675281,0.01824003327789859,True,True,True,gut,6.491836513201732,-2.0043024912227168,-3.4105611653635584
43.581,0.6393220169282199,0.633819587,56.54561101863189,59.429841499999995,0.01815989129119537,True,True,True,gut,5.502429928219921,-2.884230481368107,-4.853168725627691
43.6055,0.6410963490453575,0.634225239,59.10676435139435,61.0107209,0.01897175245663349,True,True,True,gut,6.871110045357454,-1.903956548605656,-3.120691774362653
43.63,0.6416887875310249,0.635529976,56.40722694105247,58.238955000000004,0.018095103481901093,True,True,True,gut,6.1588115310248215,-1.831728058947533,-3.1451938980490515
43.6545,0.641925016519471,0.635215012,56.40821665671138,57.9566428,0.018085265372828285,True,True,True,gut,6.710004519471013,-1.5484261432886157,-2.6716974422276505
43.679,0.6430577556776187,0.637012216,54.536855009072355,56.52286,0.017475472909584826,True,True,True,gut,6.045539677618672,-1.986004990927647,-3.513631459780427
43.7035,0.6426750628184686,0.637710514,53.23658150747726,55.7844416,0.017049257720649257,True,True,True,gut,4.964548818468639,-2.5478600925227397,-4.567330996681949
43.728,0.6450854431843703,0.638080042,53.62328719722362,55.3729247,0.017163480203749866,True,True,True,gut,7.005401184370319,-1.7496375027763804,-3.1597346758466966
43.7525,0.6447754075227718,0.639362195,52.246070336369655,53.616845500000004,0.01671330319006142,True,True,True,gut,5.413212522771826,-1.3707751636303485,-2.5566128533808437
43.777,0.6458598222338363,0.638651477,55.465974912998604,57.54847770000001,0.01773340729095314,True,True,True,gut,7.208345233836289,-2.0825027870014026,-3.618693091861581
43.8015,0.6464605709694377,0.638818407,52.762304116050174,52.9930974,0.01685956262347802,True,True,True,gut,7.642163969437621,-0.23079328394982923,-0.43551574690523603
43.826,0.6478880234833739,0.64069429,54.904066767858566,57.9609999,0.017534129670521665,True,True,True,gut,7.193733483373932,-3.056933132141431,-5.274120766404224
43.8505,0.647156775835447,0.640920004,53.25677489143609,54.5402933,0.01699854884990009,True,True,True,gut,6.236771835446908,-1.2835184085639142,-2.3533397620432566
43.875,0.6496184557971605,0.641690702,54.907559619921145,56.8235136,0.017515661624006973,True,True,True,gut,7.927753797160486,-1.9159539800788536,-3.3717626008942423
43.8995,0.6502491705600126,0.642425406,54.56557386894766,58.4187929,0.01739685275265325,True,True,True,gut,7.823764560012658,-3.8532190310523404,-6.595855271518869
43.924,0.6503740601340493,0.642830985,54.78625302411113,56.699114699999996,0.01745746782908996,True,True,True,gut,7.543075134049282,-1.9128616758888626,-3.373706425594089
43.9485,0.6510587343383127,0.644132404,53.283803028415285,55.7375543,0.016969251709799023,True,True,True,gut,6.926330338312692,-2.4537512715847143,-4.4023303541051035
43.973,0.6531223756700969,0.645249761,54.11071181680115,55.8873011,0.017222995399841567,True,True,True,gut,7.872614670096922,-1.7765892831988523,-3.1788782929774584
43.9975,0.6525185198897487,0.644432898,52.61861726507425,54.4070169,0.01673874779000371,True,True,True,gut,8.085621889748706,-1.788399634925753,-3.2870753384858946
44.022,0.6541188956595796,0.646502108,53.750657369762095,56.943582,0.017089350017788038,True,True,True,gut,7.616787659579627,-3.192924630237904,-5.607172078212263
44.0465,0.6541368773867251,0.647364564,53.38325718731186,53.855929599999996,0.01696309907794678,True,True,True,gut,6.772313386725126,-0.47267241268813365,-0.8776608559146172
44.071,0.6548261465802162,0.647696161,53.53352039859394,54.112456599999994,0.017001390126115956,True,True,True,gut,7.129985580216158,-0.5789362014060515,-1.069876028149222
44.0955,0.655369223922649,0.649137,52.06614404147512,53.6941887,0.016526187600272937,True,True,True,gut,6.232223922648994,-1.6280446585248782,-3.0320686427000214
44.12,0.6562332778272264,0.647907569,54.706198090436146,56.1835844,0.01735451832421135,True,True,True,gut,8.325708827226386,-1.4773863095638546,-2.6295693401218
44.1445,0.6565418672211653,0.648794343,53.00951820931755,55.3237744,0.016806945401021914,True,True,True,gut,7.747524221165203,-2.3142561906824497,-4.183113346443061
44.169,0.6570256768659324,0.649152459,53.109214186161765,55.598620000000004,0.01682921439397133,True,True,True,gut,7.873217865932425,-2.489405813838239,-4.477459717234419
44.1935,0.6573550983625044,0.650479326,51.28615803999432,55.1280143,0.016242515985330715,True,True,True,gut,6.875772362504362,-3.8418562600056774,-6.968972688003524
44.218,0.6581402220592267,0.649982646,53.8880206627197,54.8667021,0.017057079397026165,True,True,True,gut,8.157576059226734,-0.9786814372803008,-1.7837438734636482
44.2425,0.6593988690093745,0.652210156,52.41251000453355,54.80744919999999,0.0165808516288024,True,True,True,gut,7.188713009374514,-2.394939195466442,-4.36973300240078
44.267,0.6591100288700119,0.65318188,52.62938860313953,55.0035655,0.016640247005142238,True,True,True,gut,5.928148870011918,-2.374176896860469,-4.31640544622597
44.2915,0.6602470945125904,0.652931205,53.0374934213465,56.8529355,0.0167600047226973,True,True,True,gut,7.315889512590434,-3.815442078653504,-6.711073131225572
44.316,0.6595477938151828,0.652830672,51.3039644391822,55.499166699999996,0.0162032415588575,True,True,True,gut,6.717121815182803,-4.195202260817794,-7.559036486970884
44.3405,0.6604070595781538,0.653269898,51.318089281941106,54.181777100000005,0.016198747142711224,True,True,True,gut,7.137161578153806,-2.8636878180588994,-5.285333872998601
44.365,0.6609905759362831,0.654738364,50.37890009818876,54.9705885,0.01589350672413445,True,True,True,gut,6.252211936283114,-4.59168840181124,-8.35299116692418
44.3895,0.6619935642256681,0.656317177,51.40461227035087,56.0366977,0.016208147075783986,True,True,True,gut,5.6763872256681,-4.6320854296491305,-8.266164174141066
44.414,0.6622171592434813,0.655657236,50.52338735048584,60.9530717,0.01592150458843504,True,True,True,gut,6.559923243481314,-10.429684349514162,-17.111006974098338
44.4385,0.6629071019622178,0.656606112,50.82466883058626,63.8334092,0.01600761758798172,True,True,True,gut,6.30098996221784,-13.008740369413736,-20.37920351184022
44.463,0.6636848939703675,0.6586442,50.73341184516992,64.0026103,0.015970070824342226,True,True,True,gut,5.040693970367438,-13.269198454830082,-20.732277000318035
44.4875,0.6634810602986746,0.656561667,49.02685709124211,60.513430799999995,0.015424375402423163,True,True,True,gut,6.9193932986746365,-11.486573708757888,-18.981858336080144
44.512,0.6643936443963397,0.658971816,48.13776984145346,59.7745855,0.015136323189029806,True,True,True,gut,5.421828396339756,-11.636815658546539,-19.467831623100988
44.5365,0.6658761194345529,0.658581385,50.29676024152831,65.482372,0.015806490771899162,True,True,True,gut,7.294734434552974,-15.185611758471687,-23.190381311281282
44.561,0.6668419386234244,0.658487202,49.56452726681219,65.142704,0.015567811857723378,True,True,True,gut,8.354736623424452,-15.578176733187803,-23.913924010872815
44.5855,0.6671575928342075,0.659966464,49.81993953937059,66.58028089999999,0.015639436070484982,True,True,True,gut,7.191128834207472,-16.760341360629404,-25.17313104431406
44.61,0.666588181403952,0.659474799,49.23459948005193,64.3443935,0.01544719825318245,True,True,True,gut,7.113382403952095,-15.109794019948062,-23.482689319230374
44.6345,0.6679559325514596,0.66220868,48.83917944393654,63.5693517,0.015314725568629117,True,True,True,gut,5.747252551459581,-14.730172256063462,-23.17181450202435
44.659,0.6688383764107387,0.659406864,50.22785423918626,69.5854654,0.015741538121672026,True,True,True,gut,9.431512410738696,-19.357611160813747,-27.81846905749623
44.6835,0.6696985107088136,0.66245588,51.486971730603685,69.4493003,0.016127301303606935,True,True,True,gut,7.242630708813591,-17.96232856939632,-25.863944621190544
44.708,0.6693643683699282,0.662308416,47.961813189392124,67.2382576,0.01501488067880925,True,True,True,gut,7.055952369928176,-19.276444410607873,-28.668863677704632
44.7325,0.6718250405641771,0.664399963,48.98068856234092,69.9175937,0.015325450504131569,True,True,True,gut,7.425077564177096,-20.936905137659075,-29.94511685784615
44.757,0.6707605035732441,0.66307027,50.212236812988266,67.0733662,0.015702186599934734,True,True,True,gut,7.690233573244165,-16.86112938701173,-25.13833782657494
44.7815,0.6720430766108815,0.665801196,49.56857992862144,67.01014869999999,0.01549242401972626,True,True,True,gut,6.2418806108814895,-17.44156877137855,-26.028249615537046
44.806,0.6732760488881337,0.664807693,49.624557089630734,71.1041486,0.015501438563945983,True,True,True,gut,8.468355888133772,-21.479591510369268,-30.20863329818321
44.8305,0.6736950441072774,0.665117417,49.32194993697853,69.15306190000001,0.015398491929950383,True,True,True,gut,8.577627107277387,-19.831111963021485,-28.677127835205056
44.855,0.6733836695818219,0.667469098,48.42635123487319,67.21919989999999,0.015110624761093861,True,True,True,gut,5.914571581821959,-18.792848665126805,-27.957560775915763
44.8795,0.6755374721565146,0.668260124,49.667079981707566,69.07282939999999,0.015489312873570915,True,True,True,gut,7.277348156514596,-19.405749418292423,-28.094620687845207
44.904,0.6748228990978478,0.668626581,48.17009779800876,67.935829,0.01501426349074921,True,True,True,gut,6.196318097847708,-19.765731201991237,-29.09470818703226
44.9285,0.6769328776512367,0.672529992,48.49566765132573,71.8298159,0.015107498429776649,True,True,True,gut,4.402885651236699,-23.334148248674268,-32.485323756306975
44.953,0.677010288582634,0.669447619,47.97686283442041,60.9387023,0.014937733274894888,True,True,True,gut,7.562669582633963,-12.961839465579594,-21.27029125393698
44.9775,0.6778208524948078,0.67401066,48.50538090804695,70.2117919,0.015094062416152533,True,True,True,gut,3.8101924948078514,-21.706410991953042,-30.9156203033084
45.002,0.6773113369930484,0.671921948,47.79872144742527,64.8148906,0.014866064028691756,True,True,True,gut,5.389388993048305,-17.016169152574726,-26.253487424037598
45.0265,0.678012022043424,0.673653905,48.8825995852713,71.647549,0.015194892725986453,True,True,True,gut,4.358117043424037,-22.764949414728697,-31.77352154046288
45.051,0.6789440450525352,0.675334296,51.56045047826273,66.5110421,0.01601857215933459,True,True,True,gut,3.609749052535305,-14.950591621737267,-22.47836020860853
45.0755,0.6795425637809666,0.669986027,52.98224200357405,74.1867781,0.016451341345046982,True,True,True,gut,9.556536780966574,-21.204536096425947,-28.582635126495603
45.1,0.6800749665560027,0.675927946,50.7235229713467,63.367324,0.015741437959256588,True,True,True,gut,4.147020556002801,-12.6438010286533,-19.953187590268605
45.1245,0.6800540890365308,0.673239563,49.5184138415366,66.52767349999999,0.015359103134585814,True,True,True,gut,6.814526036530766,-17.009259658463392,-25.56719446752244
45.149,0.680993854118524,0.674879066,49.0060733234933,65.2949563,0.015191942368845723,True,True,True,gut,6.1147881185239505,-16.2888829765067,-24.94661747174904
45.1735,0.6819401442615105,0.679861138,50.26055873757798,61.9909379,0.015572384055829933,True,True,True,gut,2.0790062615104743,-11.730379162422018,-18.922732192477472
45.198,0.6817847831276767,0.677966066,49.72283510086977,61.423025100000004,0.015397428634323158,True,True,True,gut,3.818717127676674,-11.700189999130231,-19.048540803846258
45.2225,0.6836806105613591,0.682093997,49.259688813217146,64.9000624,0.015245744276122446,True,True,True,gut,1.5866135613591403,-15.64037358678285,-24.099165714797298
45.247,0.6826034064872829,0.680601898,48.10009606045357,62.2300991,0.014878792545875513,True,True,True,gut,2.001508487282866,-14.130003039546423,-22.70605903558078
45.2715,0.6847512625950269,0.68253212,51.61602837700101,63.9997541,0.015957734473883843,True,True,True,gut,2.2191425950269794,-12.383725722998989,-19.349645787153094
45.296,0.6848852477484975,0.680424229,48.21546898353852,61.9454957,0.014898346741758791,True,True,True,gut,4.4610187484974695,-13.73002671646148,-22.16468939558664
45.3205,0.6865672319044674,0.695674179,51.30457121972682,54.2301827,0.015844294426836842,True,True,True,gut,-9.106947095532503,-2.925611480273183,-5.394802920833942
45.345,0.6856888446251295,0.683345488,48.68790917752897,61.242433899999995,0.015028071511555713,True,True,True,gut,2.3433566251295224,-12.554524722471022,-20.499715512565583
45.3695,0.6872866409417727,0.688339314,48.006456052337214,46.1376131,0.014809731600150184,True,True,True,gut,-1.0526730582273158,1.8688429523372108,4.050584386076987
45.394,0.6872503996917605,0.686190921,49.98361842963016,61.148374499999996,0.015411353191191557,True,True,True,gut,1.0594786917604848,-11.164756070369833,-18.25846747630198
45.4185,0.6876771305436282,0.685319509,49.06310685866297,60.0277021,0.015119373412580983,True,True,True,gut,2.3576215436281744,-10.96459524133703,-18.265892009444467
45.443,0.6882359071596986,0.686124534,48.504372009270504,59.5381439,0.014939134113683101,True,True,True,gut,2.1113731596986707,-11.033771890729497,-18.532273880189766
45.4675,0.6883189440495148,0.689080949,55.391657582071126,58.1844611,0.017051194972425625,True,True,True,gut,-0.7620049504852844,-2.792803517928874,-4.799913009641803
45.492,0.6902897987079587,0.689377902,47.754499345151686,64.1608647,0.014692334257535347,True,True,True,gut,0.9118967079586593,-16.40636535484832,-25.570673698928996
45.5165,0.6925225067522247,0.691464817,49.15051690098662,62.85367529999999,0.015113698849918015,True,True,True,gut,1.0576897522247553,-13.703158399013375,-21.801681975808624
45.541,0.6921614627363714,0.690050031,46.56811323499457,54.2500465,0.014311910573924821,True,True,True,gut,2.1114317363714052,-7.6819332650054335,-14.16023351243659
45.5655,0.6925576934968284,0.690379292,47.66797972368855,58.8765245,0.014642058580050297,True,True,True,gut,2.1784014968283527,-11.208544776311449,-19.037375034444242
45.59,0.693386927150715,0.690972454,48.56089233400723,47.6087104,0.014908316381607094,True,True,True,gut,2.4144731507150796,0.9521819340072284,2.00001622813801
45.6145,0.6934391491038104,0.69092867,48.442871725242924,48.6024631,0.014864095813583085,True,True,True,gut,2.5104791038104146,-0.15959137475707763,-0.3283606726447525
45.639,0.6950785108912815,0.692287292,49.49586012975188,49.6031242,0.01517903946453839,True,True,True,gut,2.7912188912814218,-0.1072640702481209,-0.21624458535238977
45.6635,0.6952604853254066,0.692923891,50.03217424500422,49.094433,0.015335280165699341,True,True,True,gut,2.3365943254066712,0.9377412450042186,1.9100765355701705
45.688,0.6948081608451018,0.693120574,47.174902338534054,46.5158796,0.01445174856351761,True,True,True,gut,1.6875868451017295,0.6590227385340555,1.41676937897581
45.7125,0.6953706964536192,0.693061679,48.1176612173428,47.3926469,0.014732656769188777,True,True,True,gut,2.309017453619111,0.7250143173427972,1.5298033867418304
45.737,0.6959738830261363,0.69372147,48.16543724409575,47.1017882,0.014739385126581508,True,True,True,gut,2.252413026136324,1.0636490440957473,2.2581924906531414
45.7615,0.6978913783305191,0.695966786,49.03071020433351,48.5173024,0.014996139327380592,True,True,True,gut,1.9245923305191148,0.5134078043335109,1.0581952807283672
45.786,0.6992130246466522,0.696219758,50.18183036831403,47.5794882,0.01533999889935182,True,True,True,gut,2.993266646652226,2.6023421683140313,5.469462297230073
45.8105,0.6986942212164219,0.6968634,49.43449543428536,48.641632099999995,0.015103465511473669,True,True,True,gut,1.830821216421863,0.7928633342853644,1.6300097263499604
45.835,0.6997034667496069,0.697637732,48.955307041433315,48.991899399999994,0.014949066623592772,True,True,True,gut,2.065734749606918,-0.036592358566679195,-0.07469063052223526
45.8595,0.7003523518833462,0.698683155,49.598333319633284,49.685478499999995,0.015137330803604646,True,True,True,gut,1.6691968833462134,-0.08714518036671137,-0.17539366228849215
45.884,0.6999838595608435,0.698723398,50.17869539431364,50.714614499999996,0.015306279133068564,True,True,True,gut,1.2604615608434733,-0.5359191056863537,-1.0567350476189734
45.9085,0.7009347327765356,0.699168676,49.67680218818951,49.390558399999996,0.015145097127824903,True,True,True,gut,1.7660567765356294,0.2862437881895161,0.5795516338797176
45.933,0.7017906337135014,0.700209926,48.16027207941984,47.337026900000005,0.014674917044923583,True,True,True,gut,1.5807077135013836,0.8232451794198354,1.7391146705494414
45.9575,0.7018087569882195,0.700108585,50.09486899560634,50.3655779,0.015256270618127243,True,True,True,gut,1.7001719882195898,-0.2707089043936577,-0.5374879345793383
45.982,0.7027653324308598,0.701441285,48.440929178240935,49.3223458,0.014744706844526756,True,True,True,gut,1.3240474308597872,-0.8814166217590653,-1.7870533273765445
46.0065,0.7028156237515094,0.701045032,50.66361244172252,49.978900800000005,0.015413046624174588,True,True,True,gut,1.7705917515093983,0.6847116417225152,1.370001402116701
46.031,0.7030597489580481,0.701416152,46.844419693094814,47.7165619,0.01424357438062327,True,True,True,gut,1.6435969580481657,-0.8721422069051883,-1.8277557564456215
46.0555,0.7042219337251425,0.702558224,49.08855660388643,48.7167661,0.014917989430301174,True,True,True,gut,1.6637097251425148,0.3717905038864302,0.7631674547593383
46.08,0.7035640188259703,0.701803058,47.51790159565575,47.7971475,0.014432990234125441,True,True,True,gut,1.7609608259703258,-0.27924590434425056,-0.5842313170346631
46.1045,0.704846995345181,0.704292184,47.91665707973904,49.1788065,0.014546373334853473,True,True,True,gut,0.5548113451809833,-1.262149420260961,-2.566449879707758
46.129,0.7057659664577978,0.703858112,48.81572935651271,48.351381399999994,0.014811439771627804,True,True,True,gut,1.9078544577977308,0.464347956512718,0.9603613031678926
46.1535,0.7059179582965633,0.705165212,49.321946262071165,49.927686800000004,0.014957089733838974,True,True,True,gut,0.7527462965633003,-0.6057405379288383,-1.2132357350247562
46.178,0.7063306424190601,0.705083532,47.378372097289,47.9427088,0.01436006975079812,True,True,True,gut,1.2471104190601157,-0.564336702710996,-1.177106418966039
46.2025,0.7062948618424336,0.706209945,54.47968538387992,49.5078452,0.016503674501167007,True,True,True,gut,0.0849168424336133,4.9718401838799196,10.042529954181726
46.227,0.7086940140766784,0.707062456,48.51121394545151,48.561592700000006,0.014687841152200794,True,True,True,gut,1.6315580766784743,-0.05037875454849683,-0.10374197333214079
46.2515,0.7079675969793255,0.706855672,48.679338503568964,50.0784813,0.014730937276399875,True,True,True,gut,1.1119249793255515,-1.3991427964310361,-2.793900214444075
46.276,0.7099235316920866,0.708823801,47.684210309944525,48.2155212,0.014422160244837834,True,True,True,gut,1.0997306920865757,-0.5313108900554724,-1.1019499049933994
46.3005,0.7097139144073412,0.708414136,49.006237854220515,50.6174004,0.01481416634428083,True,True,True,gut,1.29977840734119,-1.6111625457794858,-3.183021121289124
46.325,0.7101281952453049,0.70843026,47.9835180271029,50.0384954,0.014497335598775777,True,True,True,gut,1.6979352453049268,-2.054977372897099,-4.1067928930914634
46.3495,0.7117826837646088,0.710899431,49.588671083149485,50.680686,0.014974383476830751,True,True,True,gut,0.8832527646088772,-1.0920149168505162,-2.1546964002233833
46.374,0.7127333731374151,0.711793018,49.57200602308362,51.2149857,0.014961442590603953,True,True,True,gut,0.9403551374150831,-1.642979676916383,-3.2080057320339797
46.3985,0.7126998101353397,0.712413977,48.2445466697379,49.692473799999995,0.014553110390059514,True,True,True,gut,0.285833135339697,-1.4479271302620944,-2.913775506708814
46.423,0.7140382888690615,0.713415193,48.50807963562919,50.5432911,0.014624883449470745,True,True,True,gut,0.6230958690615074,-2.0352114643708106,-4.026669850889094
46.4475,0.7146090669650436,0.71406222,49.6170067642847,50.981866000000004,0.014951327414676975,True,True,True,gut,0.5468469650435903,-1.3648592357153007,-2.67714648913655
46.472,0.7152410764332562,0.714391362,49.8130384659265,51.9554352,0.01500248510514511,True,True,True,gut,0.8497144332562101,-2.1423967340734933,-4.123527646003615
46.4965,0.715550040395665,0.715170041,49.41504144310143,50.9275484,0.014874776036639382,True,True,True,gut,0.3799993956650205,-1.5125069568985694,-2.969919040710331
46.521,0.7156306476507038,0.715670533,49.4663300183674,51.986889600000005,0.014882372938025575,True,True,True,gut,-0.03988534929622034,-2.520559581632604,-4.848452371408278
46.5455,0.7157479165565436,0.715644536,47.650225284132304,49.5552247,0.014328436148379491,True,True,True,gut,0.10338055654357525,-1.9049994158676924,-3.8441948904485392
46.57,0.717107480464406,0.716895996,49.48300162208449,50.5778203,0.014871724528647889,True,True,True,gut,0.21148446440599766,-1.0948186779155122,-2.1646221039610762
46.5945,0.7179312297405176,0.717830286,49.556132067553904,52.793293,0.014885872000490045,True,True,True,gut,0.10094374051761168,-3.237160932446095,-6.131765511285865
46.619,0.7183258653093293,0.717675512,47.77821309152945,50.1737547,0.014344271079316512,True,True,True,gut,0.6503533093292768,-2.395541608470552,-4.774491410487467
46.6435,0.7188796610238105,0.718518408,49.399226736214686,52.0372745,0.014823151724812425,True,True,True,gut,0.36125302381051494,-2.638047763785316,-5.069534846190525
46.668,0.7197321020725074,0.71984614,48.42739476570128,50.268836,0.014523906727777973,True,True,True,gut,-0.11403792749264952,-1.8414412342987205,-3.66318654026268
46.6925,0.7197552545688004,0.719881497,47.12939534186041,50.359248799999996,0.01412720589597586,True,True,True,gut,-0.1262424311996302,-3.229853458139587,-6.413625173335761
46.717,0.7216597200422793,0.722592088,47.91811919273095,51.0286826,0.014356095928855096,True,True,True,gut,-0.93236795772067,-3.110563407269055,-6.09571568141768
46.7415,0.7209918282040542,0.721942037,47.70487432816776,49.6082938,0.014284717138960212,True,True,True,gut,-0.9502087959458727,-1.9034194718322368,-3.8368976758322555
46.766,0.7226129447587082,0.723515152,46.86145020176917,48.4348738,0.01402481151874028,True,True,True,gut,-0.9022072412918636,-1.573423598230825,-3.248534526440378
46.7905,0.7229462001974998,0.723545189,48.02195902192109,49.0896072,0.014364606088686362,True,True,True,gut,-0.5989888025001999,-1.0676481780789118,-2.174896559528616
46.815,0.722558347861843,0.723470522,47.61632984286636,49.9633279,0.014235817918315337,True,True,True,gut,-0.9121741381569182,-2.3469980571336464,-4.697441415093662
46.8395,0.7236461708583802,0.724622293,48.01404201667241,49.6083416,0.014347213203556624,True,True,True,gut,-0.9761221416197952,-1.5942995833275901,-3.21377319198187
46.864,0.7254608959765778,0.727021797,46.14544260992775,48.8547722,0.013781643006311187,True,True,True,gut,-1.560901023422212,-2.709329590072251,-5.54568053041142
46.8885,0.7251812610408123,0.726337976,46.81322047266682,49.465593600000005,0.013973773961275738,True,True,True,gut,-1.1567149591877879,-2.6523731273331848,-5.362056601971485
46.913,0.7252636594056455,0.725999482,45.62845707735976,47.8717498,0.013613008370837643,True,True,True,gut,-0.7358225943544516,-2.2432927226402413,-4.686047057006137
46.9375,0.726491710820969,0.727224327,47.844540725028075,49.632867999999995,0.014266714487386464,True,True,True,gut,-0.732616179030976,-1.7883272749719197,-3.603110896134231
46.962,0.7263937089612021,0.727814975,48.62984153859044,50.2175473,0.01449331744375352,True,True,True,gut,-1.421266038797886,-1.587705761409559,-3.161655331202444
46.9865,0.7274541886462687,0.729327227,47.387234933130294,50.0863149,0.014115615067598019,True,True,True,gut,-1.8730383537313156,-2.6990799668697036,-5.3888571604011215
47.011,0.7275860913359573,0.729101964,46.23139793410017,47.5582065,0.01376413966133844,True,True,True,gut,-1.515872664042739,-1.3268085658998245,-2.789862493868066
47.0355,0.7274865114484209,0.729249018,48.14869035724765,49.377526499999995,0.014327494424510681,True,True,True,gut,-1.7625065515790572,-1.2288361427523427,-2.488654717753719
47.06,0.7282723805148221,0.729871074,46.678502180032815,48.069928999999995,0.013882782621356716,True,True,True,gut,-1.5986934851778267,-1.3914268199671795,-2.894588881059466
47.0845,0.7284881343811278,0.730401148,48.18703582462188,49.9173417,0.014323982553875667,True,True,True,gut,-1.9130136188721947,-1.7303058753781215,-3.4663421898088007
47.109,0.7286678858644321,0.729845001,47.78904065947344,48.6251141,0.014198287349333576,True,True,True,gut,-1.177115135567952,-0.8360734405265546,-1.7194272054706699
47.1335,0.7288887247147401,0.730242794,45.11780350124676,48.1011776,0.013397685916979814,True,True,True,gut,-1.35406928525994,-2.983374098753238,-6.202289107269669
47.158,0.7306322413435957,0.73201506,43.514575926095624,45.041043099999996,0.012914895952418211,True,True,True,gut,-1.3828186564043277,-1.526467173904372,-3.3890582207772453
47.1825,0.7313042152882213,0.732481824,45.49428186385297,47.0778182,0.01349545090970942,True,True,True,gut,-1.1776087117786327,-1.5835363361470343,-3.3636570187252945
47.207,0.728182322013182,0.730896062,44.568327074957615,45.9957274,0.013213913667767814,True,True,True,gut,-2.713739986818009,-1.4274003250423846,-3.1033324304865424
47.2315,0.7319044575661575,0.735245969,47.308131404742966,49.6900643,0.014018953347117906,True,True,True,gut,-3.3415114338425367,-2.3819328952570373,-4.793579820859755
47.256,0.7307692737667754,0.733150879,46.58890517625802,47.3240353,0.013798665323978082,True,True,True,gut,-2.381605233224615,-0.7351301237419818,-1.553396955863529
47.2805,0.7313916772420229,0.734573335,45.22796989007964,47.937373,0.013388643202392964,True,True,True,gut,-3.1816577579770744,-2.709403109920359,-5.651964094737438
47.305,0.7325105046698075,0.734525035,45.27077266330556,46.6340332,0.013394373174698672,True,True,True,gut,-2.014530330192499,-1.3632605366944404,-2.9233168206743065
47.3295,0.73202758323849,0.733767054,44.55773044409951,47.532481100000005,0.013176579289306607,True,True,True,gut,-1.7394707615099314,-2.9747506559004933,-6.25835341866994
47.354,0.7344396138282364,0.73666816,42.70467410692127,45.6954078,0.012622061052537428,True,True,True,gut,-2.2285461717636013,-2.990733693078731,-6.54493271220731
47.3785,0.7345332469273189,0.737111417,44.9029060237862,48.4901439,0.013264921249837861,True,True,True,gut,-2.5781700726811296,-3.5872378762137984,-7.397870139572422
47.403,0.7352356847769688,0.737515675,47.80061903864698,49.6887215,0.014113646236962433,True,True,True,gut,-2.2799902230312696,-1.8881024613530215,-3.799861224751016
47.4275,0.7350021720009036,0.738025617,43.72396265439759,46.588308500000004,0.012903300643331629,True,True,True,gut,-3.0234449990964585,-2.864345845602415,-6.148207431919136
47.452,0.7378874906941099,0.739364957,43.72648912866015,47.795621000000004,0.012897383722798533,True,True,True,gut,-1.477466305890185,-4.069131871339856,-8.513608121839981
47.4765,0.734540376218909,0.736091331,49.460411638241354,51.1516687,0.014581109314123155,True,True,True,gut,-1.5509547810910185,-1.6912570617586482,-3.3063575534118366
47.501,0.736089298541051,0.736706699,46.145368724022646,46.8652139,0.013596806040347397,True,True,True,gut,-0.6174004589489801,-0.7198451759773548,-1.5359903776676347
47.5255,0.738738798120315,0.740601111,47.12330507228054,49.9504029,0.013877798663728614,True,True,True,gut,-1.8623128796850796,-2.827097827719463,-5.659809858549635
47.55,0.7365306096016059,0.739141736,45.9810644446839,48.1955918,0.013534431982827815,True,True,True,gut,-2.6111263983941146,-2.2145273553161005,-4.594875324917372
47.5745,0.7393757031870435,0.742367588,45.223359378847036,48.4032226,0.013304547921390849,True,True,True,gut,-2.9918848129565356,-3.1798632211529636,-6.569527916418036
47.599,0.7372738721777625,0.739376319,44.74404833584483,46.6885186,0.013156760863120552,True,True,True,gut,-2.1024468222374804,-1.9444702641551714,-4.164771816416491
47.6235,0.7378700173354655,0.739927386,47.24772899795507,51.3558473,0.013885808227739448,True,True,True,gut,-2.0573686645344313,-4.108118302044929,-7.999319489457492
47.648,0.7408927383706051,0.744085084,46.27458769871674,49.7561392,0.01359281531530928,True,True,True,gut,-3.192345629394855,-3.4815515012832563,-6.997230004701121
47.6725,0.7388466176254443,0.740787129,47.73344193865055,52.641347499999995,0.014014136985148862,True,True,True,gut,-1.9405113745556424,-4.907905561349445,-9.323290140605623
47.697,0.7419902206117154,0.743974535,43.73524056074357,48.4073999,0.01283370315955494,True,True,True,gut,-1.9843143882846137,-4.672159339256432,-9.651746115073683
47.7215,0.7403453632267093,0.741317082,46.56446501599865,52.5796502,0.01365689800363425,True,True,True,gut,-0.9717187732907195,-6.0151851840013535,-11.440139219490952
47.746,0.7425741588991106,0.742573329,48.068166129432335,52.0659392,0.014090684605780387,True,True,True,gut,0.0008298991106547859,-3.9977730705676677,-7.6782885932607305
47.7705,0.7411063970568971,0.741780414,47.558253049345815,50.6624945,0.01393405886097527,True,True,True,gut,-0.6740169431029841,-3.104241450654186,-6.1272968914986725
47.795,0.7444703713856223,0.745839693,44.94704379028367,51.0393051,0.01316225200181298,True,True,True,gut,-1.3693216143776388,-6.092261309716328,-11.936411159556183
47.8195,0.743563113372331,0.745425387,49.27183238468966,54.6995485,0.01442132675849349,True,True,True,gut,-1.8622736276689977,-5.427716115310339,-9.922780469221495
47.844,0.743031931838298,0.744867972,49.77174856607837,53.3143913,0.014560186946206194,True,True,True,gut,-1.8360401617020239,-3.5426427339216247,-6.6448151194059015
47.8685,0.7447601630559992,0.747242217,45.40281814195961,51.837731,0.013275305553593618,True,True,True,gut,-2.482053944000806,-6.434912858040391,-12.41356967966131
47.893,0.7487332330462041,0.74776992,45.13568860548994,54.8987221,0.013190448572188337,True,True,True,gut,0.9633130462041173,-9.763033494510061,-17.783717217909633
47.9175,0.750050762961662,0.749402075,47.533184401506205,57.1699902,0.013883990022071786,True,True,True,gut,0.6486879616619534,-9.636805798493796,-16.85640624527131
47.942,0.7506119628831536,0.74948269,46.342447355020724,52.2370912,0.013529269628203805,True,True,True,gut,1.1292728831535648,-5.894643844979278,-11.284402920542554
47.9665,0.7488004660758879,0.747149742,50.52934629543187,55.4531822,0.014744063203357138,True,True,True,gut,1.650724075887955,-4.923835904568129,-8.879266633986118
47.991,0.7482143490000718,0.747322395,49.77391839506899,55.411506800000005,0.014516220827078619,True,True,True,gut,0.891954000071804,-5.637588404931016,-10.174039167133811
48.0155,0.7487370277786778,0.74904851,50.5692814917126,54.874158800000004,0.01474065771329858,True,True,True,gut,-0.31148222132215686,-4.304877308287402,-7.844999180720748
48.04,0.748213810155171,0.748682057,48.6109388450837,52.681016400000004,0.014162585492612798,True,True,True,gut,-0.46824684482904555,-4.070077554916303,-7.72589033592811
48.0645,0.7501066372929983,0.75146166,48.9689291938595,55.5580337,0.014259612139404444,True,True,True,gut,-1.3550227070017185,-6.589104506140501,-11.859859083062727
48.089,0.75228972605411,0.752402143,49.636889079517694,56.9393107,0.01444675617807142,True,True,True,gut,-0.11241694588992601,-7.302421620482306,-12.82492100924275
48.1135,0.753211710204314,0.754911605,50.288198039401834,55.5931677,0.014628865860609998,True,True,True,gut,-1.6998947956859967,-5.304969660598168,-9.542484949275822
48.138,0.7527400771988628,0.752387512,46.08018200999242,54.192088399999996,0.013397929172500683,True,True,True,gut,0.352565198862842,-8.111906390007576,-14.968801958936087
48.1625,0.7527678328958093,0.753013831,48.82895767638197,56.0391743,0.014189920623524846,True,True,True,gut,-0.24599810419068113,-7.210216623618031,-12.866386262258029
48.187,0.7538374786456419,0.752761031,49.06199379628527,56.2259867,0.01425039289944658,True,True,True,gut,1.0764476456418537,-7.163992903714728,-12.741426739096653
48.2115,0.7527771379590744,0.755249754,55.808044232893415,68.9428554,0.016201592088305752,True,True,True,gut,-2.472616040925635,-13.134811167106584,-19.051736530057592
48.236,0.7533296663787642,0.75090184,46.63281300546447,54.2310995,0.013531061308617415,True,True,True,gut,2.427826378764153,-7.598286494535529,-14.010939414082005
48.2605,0.7585019323245322,0.75681346,49.779611191012364,58.9896684,0.014436809222423581,True,True,True,gut,1.6884723245321753,-9.210057208987635,-15.61300047753385
48.285,0.7580140167928454,0.756870002,48.77579043516891,57.8526661,0.014138509066986977,True,True,True,gut,1.144014792845427,-9.076875664831093,-15.689641077459509
48.3095,0.7592451037494022,0.756521152,50.0672807422739,57.4845262,0.014505509785473809,True,True,True,gut,2.723951749402209,-7.4172454577260964,-12.90302964648267
48.334,0.7615750821239521,0.759418809,52.6003805199957,59.4376473,0.015231675630810107,True,True,True,gut,2.156273123952057,-6.837266780004299,-11.503259450184022
48.3585,0.7595693405142789,0.758503877,50.7900835535959,58.7316725,0.01470001034306875,True,True,True,gut,1.0654635142789415,-7.941588946404103,-13.521816437977485
48.383,0.7618621912791896,0.760069192,50.51223186564862,56.387459299999996,0.014612189609831882,True,True,True,gut,1.7929992791896332,-5.875227434351373,-10.419386699253842
48.4075,0.7612602216584388,0.761234467,54.36685829884983,61.4907357,0.015719296919314087,True,True,True,gut,0.025754658438792433,-7.123877401150175,-11.585285685808072
48.432,0.7610249881933422,0.760405728,53.065377382138756,60.124633599999996,0.015335233315176389,True,True,True,gut,0.6192601933422415,-7.05925621786124,-11.741038232058749
48.4565,0.7609429500717733,0.760029255,52.433647334757914,62.1923291,0.01514500988388733,True,True,True,gut,0.9136950717733017,-9.758681765242088,-15.691134110045876
48.481,0.7635979445279336,0.762358461,55.21640187271189,66.5117781,0.015940724934977047,True,True,True,gut,1.2394835279335714,-11.29537622728811,-16.98252031438039
48.5055,0.764653013312824,0.763417727,51.22529848303757,59.9082815,0.014781041839200166,True,True,True,gut,1.235286312823991,-8.682983016962432,-14.493794179294614
48.53,0.7664614440290598,0.764548363,52.13797560938265,61.174700800000004,0.01503679945491505,True,True,True,gut,1.9130810290598488,-9.036725190617354,-14.771997365645232
48.5545,0.7662105230134074,0.763993221,55.11340152530699,67.5739559,0.01588690373664561,True,True,True,gut,2.2173020134074184,-12.460554374693011,-18.439877033591003
48.579,0.7661752799157474,0.76259722,52.66997250322577,62.0121696,0.015174907601701303,True,True,True,gut,3.5780599157474446,-9.342197096774228,-15.065102796813335
48.6035,0.7690604523796294,0.765433867,49.98378816351617,62.023728399999996,0.014393723546616877,True,True,True,gut,3.6265853796293435,-12.03994023648383,-19.411829225802926
48.628,0.7707278973395962,0.768286312,49.85893373967822,61.547179799999995,0.014350535685192366,True,True,True,gut,2.441585339596264,-11.688246060321774,-18.990709400988305
48.6525,0.7714251524972293,0.769040437,45.88738508561154,54.4009922,0.013200782724991074,True,True,True,gut,2.384715497229295,-8.513607114388456,-15.649727642997762
48.677,0.773006516997076,0.769411937,50.0572326647392,59.9443795,0.014393107414732795,True,True,True,gut,3.5945799970760195,-9.887146835260793,-16.49386801186389
48.7015,0.7760219096415053,0.774457377,53.27194275339784,63.853639099999995,0.015309737060539147,True,True,True,gut,1.5645326415053562,-10.581696346602158,-16.571798406086707
48.726,0.7730044659050768,0.769865005,50.29711581172405,59.4656593,0.014447538334980121,True,True,True,gut,3.139460905076774,-9.168543488275951,-15.418215481344122
48.7505,0.774088084418099,0.771169703,51.063195459538505,61.5002384,0.014660218691257781,True,True,True,gut,2.91838141809897,-10.437042940461495,-16.970735743459322
48.775,0.7797173799915378,0.776402566,49.31796532160131,57.7800805,0.014152051723481515,True,True,True,gut,3.3148139915377683,-8.46211517839869,-14.645384888999402
48.7995,0.7769608201734987,0.773484286,53.518723668711786,61.2067355,0.015349771321268578,True,True,True,gut,3.476534173498691,-7.688011831288215,-12.56072843696788
48.824,0.7775914560601499,0.774218383,49.38519387828369,57.821575700000004,0.01415712088643726,True,True,True,gut,3.3730730601498893,-8.436381821716317,-14.590369977960178
48.8485,0.7787097052191346,0.776394644,49.397878635004965,56.649658800000005,0.014153654853711924,True,True,True,gut,2.3150612191346065,-7.25178016499504,-12.801101222157826
48.873,0.780087835392222,0.777689352,49.412906560164465,56.2501008,0.014150863332373484,True,True,True,gut,2.3984833922220394,-6.837194239835533,-12.154990200187397
48.8975,0.7800675107533395,0.777485668,48.40712009860338,55.5893006,0.013855880361267324,True,True,True,gut,2.5818427533395027,-7.182180501396623,-12.920077108141603
48.922,0.7809284189837407,0.778472813,49.80412027206401,57.7472134,0.014248613437319414,True,True,True,gut,2.4556059837406163,-7.943093127935988,-13.754937529047917
48.9465,0.7825593450266297,0.780654203,49.87411716981482,58.4119646,0.014261496946805723,True,True,True,gut,1.9051420266297248,-8.537847430185181,-14.616607211641675
48.971,0.7829650777138972,0.780007682,49.44338347994643,57.389714100000006,0.01413125535679312,True,True,True,gut,2.957395713897193,-7.94633062005358,-13.84626277490652
48.9955,0.7840617020806158,0.782469001,48.496728217865424,55.7054707,0.013853763858952145,True,True,True,gut,1.5927010806157105,-7.208742482134575,-12.940816030362662
49.02,0.7874108353141196,0.783830503,52.92655002391452,58.8453969,0.015111647454302289,True,True,True,gut,3.580332314119583,-5.918846876085475,-10.058300543275756
49.0445,0.7864188399666834,0.784411176,50.157681085559794,56.306277,0.014313922872678004,True,True,True,gut,2.007663966683393,-6.148595914440207,-10.91991202764162
49.069,0.7857366579172086,0.783316844,49.4677840077828,57.3710916,0.014109992497134492,True,True,True,gut,2.4198139172085797,-7.903307592217203,-13.7757664562499
49.0935,0.7877293513697161,0.784154694,51.117981507624584,58.0931172,0.014573411760349634,True,True,True,gut,3.574657369716072,-6.975135692375417,-12.00681944534286
49.118,0.7917912598217678,0.786723966,53.496390446118745,60.721045600000004,0.015243873617379174,True,True,True,gut,5.067293821767738,-7.224655153881258,-11.898107291290218
49.1425,0.7896434001284398,0.787398181,49.81134657130934,56.6935932,0.014186738721774868,True,True,True,gut,2.2452191284397793,-6.882246628690659,-12.139372793698069
49.167,0.7903213332674637,0.787797949,49.476040272427035,55.2896138,0.01408421865365349,True,True,True,gut,2.5233842674636797,-5.813573527572963,-10.514766025681595
49.1915,0.791458860600738,0.789433965,51.986735565063746,58.6223192,0.01479156124211094,True,True,True,gut,2.0248956007380414,-6.635583634936253,-11.319210371561441
49.216,0.7910724621339119,0.789181333,51.04394964883245,56.035052,0.014516084651888864,True,True,True,gut,1.891129133911873,-4.991102351167548,-8.907107556833441
49.2405,0.7931557418081484,0.791317175,50.78057922850708,56.2822519,0.014434000981170245,True,True,True,gut,1.838566808148423,-5.501672671492919,-9.775146668381476
49.265,0.7922250844815907,0.789315551,51.5392298924057,57.6463784,0.01464235635507274,True,True,True,gut,2.9095334815907314,-6.107148507594303,-10.594158171078277
49.2895,0.7930160138168861,0.790491016,51.22844314883567,56.9186397,0.014546827183154686,True,True,True,gut,2.5249978168860876,-5.690196551164327,-9.99707052233774
49.314,0.7978831296324108,0.791832386,52.037026047075045,55.538381,0.014769091185990086,True,True,True,gut,6.05074363241076,-3.501354952924956,-6.304387866338697
49.3385,0.7939361206515875,0.792036252,50.14594059270546,53.5117547,0.01422529804342038,True,True,True,gut,1.899868651587422,-3.36581410729454,-6.289859351770686
49.363,0.7956270123363016,0.793269484,48.21433115410017,51.963821,0.013670554639612299,True,True,True,gut,2.357528336301651,-3.7494898458998307,-7.215577634100137
49.3875,0.7971473885341442,0.795068185,51.378744545372655,56.658372899999996,0.01456055669158304,True,True,True,gut,2.0792035341442583,-5.2796283546273415,-9.318355053975335
49.412,0.7963185734232698,0.795350663,51.894180123294795,57.336889600000006,0.014699337331161296,True,True,True,gut,0.9679104232698243,-5.442709476705211,-9.492509124012912
49.4365,0.7966454248717333,0.795500761,52.42157511724807,55.4414565,0.014841366312851706,True,True,True,gut,1.1446638717332869,-3.019881382751933,-5.4469733903039375
49.461,0.7985059157949393,0.796745088,50.46932257809997,53.1676853,0.014281575402712536,True,True,True,gut,1.760827794939357,-2.6983627219000326,-5.075193149136459
49.4855,0.7996276421141841,0.797143346,50.911543877146755,54.65920920000001,0.014399580455179075,True,True,True,gut,2.4842961141841036,-3.7476653228532513,-6.856420679524304
49.51,0.800658294673503,0.799149638,51.13820184953875,55.996326800000006,0.014456529976065845,True,True,True,gut,1.5086566735029727,-4.858124950461253,-8.675792195821767
49.5345,0.8003187525919079,0.79858029,49.11639149807491,53.765722000000004,0.013878106091800787,True,True,True,gut,1.7384625919079078,-4.649330501925093,-8.647387831832877
49.559,0.800305482847,0.798246053,49.16620946885655,52.941714600000005,0.013885314690086793,True,True,True,gut,2.059429847000027,-3.775505131143454,-7.131437203477829
49.5835,0.8019726079024877,0.799861042,49.61505700357996,53.6352098,0.014005152737600246,True,True,True,gut,2.111565902487733,-4.020152796420035,-7.495361370656996
49.608,0.8040137550399692,0.801493503,49.50044554603489,53.548932,0.013965899869608485,True,True,True,gut,2.5202520399691952,-4.048486453965111,-7.560349577028187
49.6325,0.8035582883393775,0.801391491,49.31739637157857,54.018047100000004,0.013907386483633334,True,True,True,gut,2.166797339377524,-4.7006507284214365,-8.702000499424638
49.657,0.8034176496267346,0.800802691,51.73868839877147,55.894154699999994,0.014582986405623534,True,True,True,gut,2.6149586267345537,-4.155466301228522,-7.434527498505174
49.6815,0.8055945414835194,0.803069973,51.96577922441396,56.5525907,0.014639770835510652,True,True,True,gut,2.5245684835193405,-4.586811475586046,-8.110700887105505
49.706,0.8048831463471329,0.803164805,50.505756349870175,55.464653500000004,0.01422144081172329,True,True,True,gut,1.71834134713289,-4.958897150129829,-8.940643882558156
49.7305,0.8062747316349678,0.805098063,50.68933519439958,54.050198200000004,0.01426610131533379,True,True,True,gut,1.1766686349677924,-3.3608630056004216,-6.218040113681621
49.755,0.8065593740914915,0.804398811,51.106943613766155,54.054248,0.014376551124321357,True,True,True,gut,2.1605630914914853,-2.9473043862338457,-5.4524935509857535
49.7795,0.8065149105841091,0.804705527,50.20491688474766,54.5435706,0.014115857213203149,True,True,True,gut,1.8093835841090922,-4.338653715252342,-7.954473217513086
49.804,0.8081107675665111,0.806122804,49.69210792527757,52.873782600000006,0.013964800303953346,True,True,True,gut,1.9879635665110973,-3.181674674722437,-6.017490178057427
49.8285,0.8088618084324487,0.807191866,50.291484004308266,54.153762799999996,0.014126291755805794,True,True,True,gut,1.6699424324486678,-3.8622787956917293,-7.132059890197934
49.853,0.8110197476394132,0.809526812,50.55396498850972,54.4958823,0.014193041078819028,True,True,True,gut,1.4929356394132176,-3.941917311490279,-7.233422315818308
49.8775,0.8098415232878375,0.807635132,50.01872490645637,53.8737713,0.014035874404486042,True,True,True,gut,2.206391287837506,-3.855046393543631,-7.155701745987905
49.902,0.8106848431925496,0.808523547,50.13773847437005,55.0234636,0.014062363605827601,True,True,True,gut,2.1612961925496776,-4.885725125629946,-8.87934856509096
49.9265,0.8106490023558838,0.808819725,52.41922059576849,56.7452471,0.014695046744032485,True,True,True,gut,1.829277355883785,-4.326026504231507,-7.623592680119824
49.951,0.8120310636578696,0.810092891,50.444804489947266,53.8935327,0.014134608713062902,True,True,True,gut,1.9381726578695524,-3.448728210052735,-6.399150393888978
49.9755,0.8122478383238917,0.80998323,52.59332050051834,57.6610089,0.014729397328243972,True,True,True,gut,2.264608323891637,-5.067688399481661,-8.788761237720315
